INSERT INTO shops (id, name, street, street_number, community) VALUES (5100, 'PJVBARBER SHOP', 'Amonategui', 92, 'Santiago');
INSERT INTO shops (id, name, street, street_number, community) VALUES (5200, 'VDSTYLES SHOP', 'ANDRES BELLO', 620, 'Povidencia') ;
INSERT INTO shops (id, name, street, street_number, community) VALUES (5400, 'PL BARBER SHOP', 'AVENIDA ITALIA', 850, 'Providencia') ;
INSERT INTO shops (id, name, street, street_number, community) VALUES (5600, 'FJ BARBER SHOP', 'MARACAIBO', 993, 'Santiago');
INSERT INTO shops (id, name, street, street_number, community) VALUES (5800, 'MA STYLES SHOP', 'CLAUDIO ARRAY', 421, 'Santiago');



INSERT INTO phones_shops (shop_id, phone) VALUES (5100, '964537263');
INSERT INTO phones_shops (shop_id, phone) VALUES (5100, '939431233');
INSERT INTO phones_shops (shop_id, phone) VALUES (5200, '962498726');
INSERT INTO phones_shops (shop_id, phone) VALUES (5400, '921013094');
INSERT INTO phones_shops (shop_id, phone) VALUES (5600, '978960939');
INSERT INTO phones_shops (shop_id, phone) VALUES (5800, '923948241');



INSERT INTO rrss_shops (shop_id, name, username) VALUES (5100, 'Instagram', 'pjvbarber.cl');
INSERT INTO rrss_shops (shop_id, name, username) VALUES (5100, 'Facebook', 'pjvbarber');
INSERT INTO rrss_shops (shop_id, name, username) VALUES (5200, 'Facebook', 'vd.stylescl');
INSERT INTO rrss_shops (shop_id, name, username) VALUES (5400, 'Instagram', 'pl__barbershop');
INSERT INTO rrss_shops (shop_id, name, username) VALUES (5600, 'Facebook', 'fjbarber._cl');
INSERT INTO rrss_shops (shop_id, name, username) VALUES (5800, 'Instagram', 'mastylescl_');



INSERT INTO schedule_shops (shop_id, week_day, start_time, end_time) VALUES (5100, 'Lunes', '09:00', '19:00');
INSERT INTO schedule_shops (shop_id, week_day, start_time, end_time) VALUES (5100, 'Martes', '09:00', '19:00');
INSERT INTO schedule_shops (shop_id, week_day, start_time, end_time) VALUES (5100, 'Miercoles', '09:00', '19:00');
INSERT INTO schedule_shops (shop_id, week_day, start_time, end_time) VALUES (5100, 'Jueves', '09:00', '19:00');
INSERT INTO schedule_shops (shop_id, week_day, start_time, end_time) VALUES (5100, 'Viernes', '09:00', '19:00');
INSERT INTO schedule_shops (shop_id, week_day, start_time, end_time) VALUES (5200, 'Lunes', '09:00', '19:00');
INSERT INTO schedule_shops (shop_id, week_day, start_time, end_time) VALUES (5200, 'Martes', '09:00', '19:00');
INSERT INTO schedule_shops (shop_id, week_day, start_time, end_time) VALUES (5200, 'Miercoles', '09:00', '19:00');
INSERT INTO schedule_shops (shop_id, week_day, start_time, end_time) VALUES (5200, 'Jueves', '09:00', '19:00');
INSERT INTO schedule_shops (shop_id, week_day, start_time, end_time) VALUES (5200, 'Viernes', '09:00', '19:00');
INSERT INTO schedule_shops (shop_id, week_day, start_time, end_time) VALUES (5400, 'Martes', '09:00', '19:00');
INSERT INTO schedule_shops (shop_id, week_day, start_time, end_time) VALUES (5400, 'Miercoles', '09:00', '19:00');
INSERT INTO schedule_shops (shop_id, week_day, start_time, end_time) VALUES (5400, 'Jueves', '09:00', '19:00');
INSERT INTO schedule_shops (shop_id, week_day, start_time, end_time) VALUES (5400, 'Viernes', '09:00', '19:00');
INSERT INTO schedule_shops (shop_id, week_day, start_time, end_time) VALUES (5400, 'Sabado', '09:00', '14:00');
INSERT INTO schedule_shops (shop_id, week_day, start_time, end_time) VALUES (5600, 'Lunes', '09:00', '19:00');
INSERT INTO schedule_shops (shop_id, week_day, start_time, end_time) VALUES (5600, 'Martes', '09:00', '19:00');
INSERT INTO schedule_shops (shop_id, week_day, start_time, end_time) VALUES (5600, 'Miercoles', '09:00', '19:00');
INSERT INTO schedule_shops (shop_id, week_day, start_time, end_time) VALUES (5600, 'Jueves', '09:00', '19:00');
INSERT INTO schedule_shops (shop_id, week_day, start_time, end_time) VALUES (5600, 'Viernes', '09:00', '19:00');
INSERT INTO schedule_shops (shop_id, week_day, start_time, end_time) VALUES (5800, 'Lunes', '09:00', '19:00');
INSERT INTO schedule_shops (shop_id, week_day, start_time, end_time) VALUES (5800, 'Martes', '09:00', '19:00');
INSERT INTO schedule_shops (shop_id, week_day, start_time, end_time) VALUES (5800, 'Miercoles', '09:00', '19:00');
INSERT INTO schedule_shops (shop_id, week_day, start_time, end_time) VALUES (5800, 'Jueves', '09:00', '19:00');
INSERT INTO schedule_shops (shop_id, week_day, start_time, end_time) VALUES (5800, 'Viernes', '09:00', '19:00');



INSERT INTO employees (rut, name, surname, picture, salary, employee_type, start_activities, category, shop_id) VALUES ('25345678-9', 'Pedro', 'Vargas', 'https://images.app.goo.gl/KWAV2UbV42WUxQZq6', 8000, 0, '2023-08-20', 'Barbero', 5100);
INSERT INTO employees (rut, name, surname, picture, salary, employee_type, start_activities, category, shop_id) VALUES ('25421429-1', 'Daniela', 'Zapata', 'https://encrypted-tbn0.gstatic.com/images?q=tbn:ANd9GcR3Bn2OfR0FhkDpo3xxsA1eAMHF9HCjqx7MmQ&s', 50000, 0, '2021-01-01', 'Estilista', 5100);
INSERT INTO employees (rut, name, surname, picture, salary, employee_type, start_activities, category, shop_id) VALUES ('26983090-0', 'Victor', 'Diaz', 'https://images.app.goo.gl/rYU5dEpRCEvJZAJS6', 15000, 0, '2021-02-17', 'Barbero', 5200);
INSERT INTO employees (rut, name, surname, picture, salary, employee_type, start_activities, category, shop_id) VALUES ('26483590-6', 'Luis', 'Blanco', 'https://images.app.goo.gl/rYU5dEpRCEvJZAJS6', 15000, 0, '2021-02-17', 'Barbero', 5200);
INSERT INTO employees (rut, name, surname, picture, salary, employee_type, start_activities, category, shop_id) VALUES ('22098341-2', 'Felipe', 'Jara', 'https://images.app.goo.gl/8eLUMepyurr6BrTV9', 12099, 0, '2022-03-01', 'Estilista', 5200);
INSERT INTO employees (rut, name, surname, picture, salary, employee_type, start_activities, category, shop_id) VALUES ('9083942-3', 'Miguel', 'Alvarez', 'https://images.app.goo.gl/LhjWhznujq2M4WY98', 60095, 0, '2021-12-03', 'Barbero', 5400);
INSERT INTO employees (rut, name, surname, picture, salary, employee_type, start_activities, category, shop_id) VALUES ('22495341-2', 'Manuel', 'Jara', 'https://images.app.goo.gl/8eLUMepyurr6BrTV9', 12099, 0, '2022-03-01', 'Estilista', 5400);
INSERT INTO employees (rut, name, surname, picture, salary, employee_type, start_activities, category, shop_id) VALUES ('9483452-3', 'Maria', 'Alvarez', 'https://images.app.goo.gl/LhjWhznujq2M4WY98', 60095, 0, '2021-12-03', 'Barbero', 5400);
INSERT INTO employees (rut, name, surname, picture, salary, employee_type, start_activities, category, shop_id) VALUES ('30567891-2', 'Carlos', 'Gomez', 'https://example.com/pic1.jpg', 25000, 0, '2023-07-15', 'Barbero', 5600);
INSERT INTO employees (rut, name, surname, picture, salary, employee_type, start_activities, category, shop_id) VALUES ('24345578-9', 'Luisa', 'Martinez', 'https://images.app.goo.gl/KWAV2UbV42WUxQZq6', 8200, 0, '2023-04-20', 'Barbero', 5600);
INSERT INTO employees (rut, name, surname, picture, salary, employee_type, start_activities, category, shop_id) VALUES ('31678901-3', 'Ana', 'Torres', 'https://example.com/pic2.jpg', 28000, 0, '2022-11-10', 'Estilista', 5600);
INSERT INTO employees (rut, name, surname, picture, salary, employee_type, start_activities, category, shop_id) VALUES ('18927654-7', 'Laura', 'Mendez', 'https://images.app.goo.gl/X8kT3cP4gJG4KdqG8', 45000, 0, '2021-05-12', 'Estilista', 5800);
INSERT INTO employees (rut, name, surname, picture, salary, employee_type, start_activities, category, shop_id) VALUES ('27321459-1', 'Pablo', 'Lopez', 'https://encrypted-tbn0.gstatic.com/images?q=tbn:ANd9GcR3Bn2OfR0FhkDpo3xxsA1eAMHF9HCjqx7MmQ&s', 50000, 0, '2021-01-01', 'Estilista', 5800);

INSERT INTO employees (rut, name, surname, picture, salary, employee_type, start_activities, category, shop_id) VALUES ('21094837-6', 'Ricardo', 'Fuentes', 'https://images.app.goo.gl/Xk4kTP5fjG4U3dQh8', 70000, 1, '2023-01-20', 'Administrativo', 5100);
INSERT INTO employees (rut, name, surname, picture, salary, employee_type, start_activities, category, shop_id) VALUES ('14849342-4', 'Javiera', 'Alvarez', 'https://images.app.goo.gl/LhjWhznujq2M4WY98', 600950, 1, '2022-12-15', 'Administrativo', 5600);
INSERT INTO employees (rut, name, surname, picture, salary, employee_type, start_activities, category, shop_id) VALUES ('12849342-3', 'Manuel', 'Torres', 'https://images.app.goo.gl/LhjWhznujq2M4WY98', 600950, 1, '2022-12-15','Auxiliar', 5800);



INSERT INTO schedule_employees (employee_rut, week_day, start_time, end_time) VALUES ('25345678-9', 'Lunes', '09:00', '19:00');
INSERT INTO schedule_employees (employee_rut, week_day, start_time, end_time) VALUES ('25345678-9', 'Martes', '09:00', '19:00');
INSERT INTO schedule_employees (employee_rut, week_day, start_time, end_time) VALUES ('25345678-9', 'Miercoles', '09:00', '19:00');
INSERT INTO schedule_employees (employee_rut, week_day, start_time, end_time) VALUES ('25345678-9', 'Jueves', '09:00', '19:00');
INSERT INTO schedule_employees (employee_rut, week_day, start_time, end_time) VALUES ('25345678-9', 'Viernes', '09:00', '19:00');
INSERT INTO schedule_employees (employee_rut, week_day, start_time, end_time) VALUES ('26983090-0', 'Lunes', '09:00', '19:00');
INSERT INTO schedule_employees (employee_rut, week_day, start_time, end_time) VALUES ('26983090-0', 'Martes', '09:00', '19:00');
INSERT INTO schedule_employees (employee_rut, week_day, start_time, end_time) VALUES ('26983090-0', 'Miercoles', '09:00', '19:00');
INSERT INTO schedule_employees (employee_rut, week_day, start_time, end_time) VALUES ('26983090-0', 'Jueves', '09:00', '19:00');
INSERT INTO schedule_employees (employee_rut, week_day, start_time, end_time) VALUES ('26983090-0', 'Viernes', '09:00', '19:00');
INSERT INTO schedule_employees (employee_rut, week_day, start_time, end_time) VALUES ('27321459-1', 'Lunes', '09:00', '19:00');
INSERT INTO schedule_employees (employee_rut, week_day, start_time, end_time) VALUES ('27321459-1', 'Martes', '09:00', '19:00');
INSERT INTO schedule_employees (employee_rut, week_day, start_time, end_time) VALUES ('27321459-1', 'Miercoles', '09:00', '19:00');
INSERT INTO schedule_employees (employee_rut, week_day, start_time, end_time) VALUES ('27321459-1', 'Jueves', '09:00', '19:00');
INSERT INTO schedule_employees (employee_rut, week_day, start_time, end_time) VALUES ('27321459-1', 'Viernes', '09:00', '19:00');
INSERT INTO schedule_employees (employee_rut, week_day, start_time, end_time) VALUES ('22098341-2', 'Lunes', '09:00', '19:00');
INSERT INTO schedule_employees (employee_rut, week_day, start_time, end_time) VALUES ('22098341-2', 'Martes', '09:00', '19:00');
INSERT INTO schedule_employees (employee_rut, week_day, start_time, end_time) VALUES ('22098341-2', 'Miercoles', '09:00', '19:00');
INSERT INTO schedule_employees (employee_rut, week_day, start_time, end_time) VALUES ('22098341-2', 'Jueves', '09:00', '19:00');
INSERT INTO schedule_employees (employee_rut, week_day, start_time, end_time) VALUES ('22098341-2', 'Viernes', '09:00', '19:00');
INSERT INTO schedule_employees (employee_rut, week_day, start_time, end_time) VALUES ('9083942-3', 'Lunes', '09:00', '19:00');
INSERT INTO schedule_employees (employee_rut, week_day, start_time, end_time) VALUES ('9083942-3', 'Martes', '09:00', '19:00');
INSERT INTO schedule_employees (employee_rut, week_day, start_time, end_time) VALUES ('9083942-3', 'Miercoles', '09:00', '19:00');
INSERT INTO schedule_employees (employee_rut, week_day, start_time, end_time) VALUES ('9083942-3', 'Jueves', '09:00', '19:00');
INSERT INTO schedule_employees (employee_rut, week_day, start_time, end_time) VALUES ('9083942-3', 'Viernes', '09:00', '19:00');
INSERT INTO schedule_employees (employee_rut, week_day, start_time, end_time) VALUES ('24345578-9', 'Lunes', '09:00', '19:00');
INSERT INTO schedule_employees (employee_rut, week_day, start_time, end_time) VALUES ('24345578-9', 'Martes', '09:00', '19:00');
INSERT INTO schedule_employees (employee_rut, week_day, start_time, end_time) VALUES ('24345578-9', 'Miercoles', '09:00', '19:00');
INSERT INTO schedule_employees (employee_rut, week_day, start_time, end_time) VALUES ('24345578-9', 'Jueves', '09:00', '19:00');
INSERT INTO schedule_employees (employee_rut, week_day, start_time, end_time) VALUES ('24345578-9', 'Viernes', '09:00', '19:00');
INSERT INTO schedule_employees (employee_rut, week_day, start_time, end_time) VALUES ('26483590-6', 'Lunes', '09:00', '19:00');
INSERT INTO schedule_employees (employee_rut, week_day, start_time, end_time) VALUES ('26483590-6', 'Martes', '09:00', '19:00');
INSERT INTO schedule_employees (employee_rut, week_day, start_time, end_time) VALUES ('26483590-6', 'Miercoles', '09:00', '19:00');
INSERT INTO schedule_employees (employee_rut, week_day, start_time, end_time) VALUES ('26483590-6', 'Jueves', '09:00', '19:00');
INSERT INTO schedule_employees (employee_rut, week_day, start_time, end_time) VALUES ('26483590-6', 'Viernes', '09:00', '19:00');
INSERT INTO schedule_employees (employee_rut, week_day, start_time, end_time) VALUES ('25421429-1', 'Lunes', '09:00', '19:00');
INSERT INTO schedule_employees (employee_rut, week_day, start_time, end_time) VALUES ('25421429-1', 'Martes', '09:00', '19:00');
INSERT INTO schedule_employees (employee_rut, week_day, start_time, end_time) VALUES ('25421429-1', 'Miercoles', '09:00', '19:00');
INSERT INTO schedule_employees (employee_rut, week_day, start_time, end_time) VALUES ('25421429-1', 'Jueves', '09:00', '19:00');
INSERT INTO schedule_employees (employee_rut, week_day, start_time, end_time) VALUES ('25421429-1', 'Viernes', '09:00', '19:00');
INSERT INTO schedule_employees (employee_rut, week_day, start_time, end_time) VALUES ('22495341-2', 'Lunes', '09:00', '19:00');
INSERT INTO schedule_employees (employee_rut, week_day, start_time, end_time) VALUES ('22495341-2', 'Martes', '09:00', '19:00');
INSERT INTO schedule_employees (employee_rut, week_day, start_time, end_time) VALUES ('22495341-2', 'Miercoles', '09:00', '19:00');
INSERT INTO schedule_employees (employee_rut, week_day, start_time, end_time) VALUES ('22495341-2', 'Jueves', '09:00', '19:00');
INSERT INTO schedule_employees (employee_rut, week_day, start_time, end_time) VALUES ('22495341-2', 'Viernes', '09:00', '19:00');
INSERT INTO schedule_employees (employee_rut, week_day, start_time, end_time) VALUES ('9483452-3', 'Lunes', '09:00', '19:00');
INSERT INTO schedule_employees (employee_rut, week_day, start_time, end_time) VALUES ('9483452-3', 'Martes', '09:00', '19:00');
INSERT INTO schedule_employees (employee_rut, week_day, start_time, end_time) VALUES ('9483452-3', 'Miercoles', '09:00', '19:00');
INSERT INTO schedule_employees (employee_rut, week_day, start_time, end_time) VALUES ('9483452-3', 'Jueves', '09:00', '19:00');
INSERT INTO schedule_employees (employee_rut, week_day, start_time, end_time) VALUES ('9483452-3', 'Viernes', '09:00', '19:00');
INSERT INTO schedule_employees (employee_rut, week_day, start_time, end_time) VALUES ('18927654-7', 'Lunes', '09:00', '19:00');
INSERT INTO schedule_employees (employee_rut, week_day, start_time, end_time) VALUES ('18927654-7', 'Martes', '09:00', '19:00');
INSERT INTO schedule_employees (employee_rut, week_day, start_time, end_time) VALUES ('18927654-7', 'Miercoles', '09:00', '19:00');
INSERT INTO schedule_employees (employee_rut, week_day, start_time, end_time) VALUES ('18927654-7', 'Jueves', '09:00', '19:00');
INSERT INTO schedule_employees (employee_rut, week_day, start_time, end_time) VALUES ('18927654-7', 'Viernes', '09:00', '19:00');



INSERT INTO skills_receptionist (employee_rut, skill) VALUES ('12849342-3', 'Habla ingles');
INSERT INTO skills_receptionist (employee_rut, skill) VALUES ('12849342-3', 'Manejo de Office');
INSERT INTO skills_receptionist (employee_rut, skill) VALUES ('12849342-3', 'Manejo de redes sociales');
INSERT INTO skills_receptionist (employee_rut, skill) VALUES ('14849342-4', 'Manejo de Office');
INSERT INTO skills_receptionist (employee_rut, skill) VALUES ('14849342-4', 'Manejo de caja');



INSERT INTO certificates_employees (employee_rut, certificate) VALUES ('25345678-9', 'original certificate');
INSERT INTO certificates_employees (employee_rut, certificate) VALUES ('25345678-9', 'Xcertificate');
INSERT INTO certificates_employees (employee_rut, certificate) VALUES ('26983090-0', 'Fake certificate');
INSERT INTO certificates_employees (employee_rut, certificate) VALUES ('26983090-0', 'original certificate');
INSERT INTO certificates_employees (employee_rut, certificate) VALUES ('27321459-1', 'original certificate');
INSERT INTO certificates_employees (employee_rut, certificate) VALUES ('27321459-1', 'Fake certificate');
INSERT INTO certificates_employees (employee_rut, certificate) VALUES ('22098341-2', 'Fake certificate');
INSERT INTO certificates_employees (employee_rut, certificate) VALUES ('22098341-2', 'original certificate');
INSERT INTO certificates_employees (employee_rut, certificate) VALUES ('9083942-3',  'Fake certificate');
INSERT INTO certificates_employees (employee_rut, certificate) VALUES ('24345578-9',  'XCertificate');
INSERT INTO certificates_employees (employee_rut, certificate) VALUES ('12849342-3', 'Fake certificate');
INSERT INTO certificates_employees (employee_rut, certificate) VALUES ('21094837-6', 'Fake certificate');
INSERT INTO certificates_employees (employee_rut, certificate) VALUES ('18927654-7', 'original certificate');



INSERT INTO services (code, name, base_price) VALUES (100, 'Corte de cabello', 10000);
INSERT INTO services (code, name, base_price) VALUES (200, 'Corte de barba', 8000);
INSERT INTO services (code, name, base_price) VALUES (300, 'Peinado', 6000);
INSERT INTO services (code, name, base_price) VALUES (400, 'Coloración de cabello', 50000);
INSERT INTO services (code, name, base_price) VALUES (500, 'Alisado de cabello', 20000);
INSERT INTO services (code, name, base_price) VALUES (600, 'Tratamiento de keratina', 45000);
INSERT INTO services (code, name, base_price) VALUES (700, 'Masaje capilar', 15000);
INSERT INTO services (code, name, base_price) VALUES (800, 'Peinado de fiesta', 20000);
INSERT INTO services (code, name, base_price) VALUES (900, 'Tinte de barba', 12000);
INSERT INTO services (code, name, base_price) VALUES (1000, 'Limpieza capilar', 18000);
INSERT INTO services (code, name, base_price) VALUES (1100, 'Tratamiento anticaída', 30000);
INSERT INTO services (code, name, base_price) VALUES (1200, 'Corte de cabello infantil', 8000);
INSERT INTO services (code, name, base_price) VALUES (1300, 'Afeitado clásico', 6000);
INSERT INTO services (code, name, base_price) VALUES (1400, 'Depilación facial', 10000);
INSERT INTO services (code, name, base_price) VALUES (1500, 'Tratamiento de barba', 15000);
INSERT INTO services (code, name, base_price) VALUES (1600, 'Extensiones de cabello', 50000);
INSERT INTO services (code, name, base_price) VALUES (1700, 'Ondulado permanente', 25000);
INSERT INTO services (code, name, base_price) VALUES (1800, 'Baño de crema', 20000);
INSERT INTO services (code, name, base_price) VALUES (1900, 'Peinado formal', 15000);
INSERT INTO services (code, name, base_price) VALUES (2000, 'Aclarado de cabello', 18000);
INSERT INTO services (code, name, base_price) VALUES (2100, 'Trenzas', 15000);
INSERT INTO services (code, name, base_price) VALUES (2200, 'Tratamiento capilar', 30000);



INSERT INTO performs (employee_rut, service_code, is_expert) VALUES ('25345678-9', 100, TRUE);
INSERT INTO performs (employee_rut, service_code, is_expert) VALUES ('25345678-9', 200, TRUE);
INSERT INTO performs (employee_rut, service_code, is_expert) VALUES ('25345678-9', 300, FALSE);
INSERT INTO performs (employee_rut, service_code, is_expert) VALUES ('25345678-9', 1000, FALSE);
INSERT INTO performs (employee_rut, service_code, is_expert) VALUES ('25345678-9', 1100, FALSE);
INSERT INTO performs (employee_rut, service_code, is_expert) VALUES ('25345678-9', 1900, FALSE);
INSERT INTO performs (employee_rut, service_code, is_expert) VALUES ('26983090-0', 200, TRUE);
INSERT INTO performs (employee_rut, service_code, is_expert) VALUES ('26983090-0', 500, TRUE);
INSERT INTO performs (employee_rut, service_code, is_expert) VALUES ('26983090-0', 900, FALSE);
INSERT INTO performs (employee_rut, service_code, is_expert) VALUES ('26983090-0', 1200, FALSE);
INSERT INTO performs (employee_rut, service_code, is_expert) VALUES ('27321459-1', 600, TRUE);
INSERT INTO performs (employee_rut, service_code, is_expert) VALUES ('27321459-1', 800, TRUE);
INSERT INTO performs (employee_rut, service_code, is_expert) VALUES ('27321459-1', 1200, FALSE);
INSERT INTO performs (employee_rut, service_code, is_expert) VALUES ('27321459-1', 1700, FALSE);
INSERT INTO performs (employee_rut, service_code, is_expert) VALUES ('22495341-2', 400, FALSE);
INSERT INTO performs (employee_rut, service_code, is_expert) VALUES ('22495341-2', 1200, FALSE);
INSERT INTO performs (employee_rut, service_code, is_expert) VALUES ('22495341-2', 1400, FALSE);
INSERT INTO performs (employee_rut, service_code, is_expert) VALUES ('22495341-2', 2200, FALSE);
INSERT INTO performs (employee_rut, service_code, is_expert) VALUES ('26483590-6', 1100, FALSE);
INSERT INTO performs (employee_rut, service_code, is_expert) VALUES ('26483590-6', 1300, FALSE);
INSERT INTO performs (employee_rut, service_code, is_expert) VALUES ('26483590-6', 1400, FALSE);
INSERT INTO performs (employee_rut, service_code, is_expert) VALUES ('26483590-6', 2200, FALSE);
INSERT INTO performs (employee_rut, service_code, is_expert) VALUES ('24345578-9', 300, FALSE);
INSERT INTO performs (employee_rut, service_code, is_expert) VALUES ('24345578-9', 1300, FALSE);
INSERT INTO performs (employee_rut, service_code, is_expert) VALUES ('24345578-9', 1700, FALSE);
INSERT INTO performs (employee_rut, service_code, is_expert) VALUES ('24345578-9', 2000, FALSE);
INSERT INTO performs (employee_rut, service_code, is_expert) VALUES ('9083942-3', 1600, FALSE);
INSERT INTO performs (employee_rut, service_code, is_expert) VALUES ('9083942-3', 1500, FALSE);
INSERT INTO performs (employee_rut, service_code, is_expert) VALUES ('25421429-1', 800, FALSE);
INSERT INTO performs (employee_rut, service_code, is_expert) VALUES ('25421429-1', 900, FALSE);
INSERT INTO performs (employee_rut, service_code, is_expert) VALUES ('25421429-1', 1500, FALSE);
INSERT INTO performs (employee_rut, service_code, is_expert) VALUES ('25421429-1', 2200, FALSE);
INSERT INTO performs (employee_rut, service_code, is_expert) VALUES ('9483452-3', 600, TRUE);
INSERT INTO performs (employee_rut, service_code, is_expert) VALUES ('9483452-3', 700, TRUE);
INSERT INTO performs (employee_rut, service_code, is_expert) VALUES ('9483452-3', 1900, FALSE);
INSERT INTO performs (employee_rut, service_code, is_expert) VALUES ('9483452-3', 2000, FALSE);
INSERT INTO performs (employee_rut, service_code, is_expert) VALUES ('18927654-7', 900, TRUE);
INSERT INTO performs (employee_rut, service_code, is_expert) VALUES ('18927654-7', 1300, FALSE);
INSERT INTO performs (employee_rut, service_code, is_expert) VALUES ('18927654-7', 1400, FALSE);
INSERT INTO performs (employee_rut, service_code, is_expert) VALUES ('30567891-2', 200, TRUE);
INSERT INTO performs (employee_rut, service_code, is_expert) VALUES ('30567891-2', 700, FALSE);
INSERT INTO performs (employee_rut, service_code, is_expert) VALUES ('30567891-2', 900, FALSE);
INSERT INTO performs (employee_rut, service_code, is_expert) VALUES ('22098341-2', 1300, FALSE);
INSERT INTO performs (employee_rut, service_code, is_expert) VALUES ('22098341-2', 1600, FALSE);
INSERT INTO performs (employee_rut, service_code, is_expert) VALUES ('22098341-2', 1700, FALSE);
INSERT INTO performs (employee_rut, service_code, is_expert) VALUES ('22098341-2', 2000, FALSE);



INSERT INTO combos (combo_number, price) VALUES (1, 20000);
INSERT INTO combos (combo_number, price) VALUES (2, 25000);
INSERT INTO combos (combo_number, price) VALUES (3, 30000);
INSERT INTO combos (combo_number, price) VALUES (4, 35000);
INSERT INTO combos (combo_number, price) VALUES (5, 40000);
INSERT INTO combos (combo_number, price) VALUES (6, 45000);
INSERT INTO combos (combo_number, price) VALUES (7, 50000);
INSERT INTO combos (combo_number, price) VALUES (8, 55000);
INSERT INTO combos (combo_number, price) VALUES (9, 60000);
INSERT INTO combos (combo_number, price) VALUES (10, 65000);



INSERT INTO offer_in (combo_number, service_code) VALUES (1, 100);
INSERT INTO offer_in (combo_number, service_code) VALUES (1, 200);
INSERT INTO offer_in (combo_number, service_code) VALUES (2, 300);
INSERT INTO offer_in (combo_number, service_code) VALUES (2, 400);
INSERT INTO offer_in (combo_number, service_code) VALUES (3, 500);
INSERT INTO offer_in (combo_number, service_code) VALUES (3, 600);
INSERT INTO offer_in (combo_number, service_code) VALUES (4, 700);
INSERT INTO offer_in (combo_number, service_code) VALUES (4, 800);
INSERT INTO offer_in (combo_number, service_code) VALUES (5, 900);
INSERT INTO offer_in (combo_number, service_code) VALUES (5, 1000);
INSERT INTO offer_in (combo_number, service_code) VALUES (6, 1100);
INSERT INTO offer_in (combo_number, service_code) VALUES (6, 1200);
INSERT INTO offer_in (combo_number, service_code) VALUES (7, 1300);
INSERT INTO offer_in (combo_number, service_code) VALUES (7, 1400);
INSERT INTO offer_in (combo_number, service_code) VALUES (8, 1500);
INSERT INTO offer_in (combo_number, service_code) VALUES (8, 1600);
INSERT INTO offer_in (combo_number, service_code) VALUES (9, 1700);
INSERT INTO offer_in (combo_number, service_code) VALUES (9, 1800);
INSERT INTO offer_in (combo_number, service_code) VALUES (10, 1900);
INSERT INTO offer_in (combo_number, service_code) VALUES (10, 2000);



INSERT INTO clients (rut, name, surname, street, street_number, community, birthdate, email, complexity) VALUES ('11223557-9', 'Hector', 'Roajas', 'Amonategui', 92, 'Santiago', '1993-08-20', 'pedrovargas@email.com', 4);
INSERT INTO clients (rut, name, surname, street, street_number, community, birthdate, email, complexity) VALUES ('8665981-0', 'Patrick', 'Limch', 'ANDRES BELLO', 620, 'Povidencia', '1991-02-17', 'victordiaz@email.com', 3);
INSERT INTO clients (rut, name, surname, street, street_number, community, birthdate, email, complexity) VALUES ('16203606-1', 'Cruz', 'Gurmenez', 'AVENIDA ITALIA', 850, 'Providencia', '1990-01-01', 'pablolopez@email.com', 1);
INSERT INTO clients (rut, name, surname, street, street_number, community, birthdate, email, complexity) VALUES ('21588341-2', 'Vladimir', 'Putin', 'MARACAIBO', 993, 'Santiago', '1992-03-01', 'felipejara@email.com', 2);
INSERT INTO clients (rut, name, surname, street, street_number, community, birthdate, email, complexity) VALUES ('14788959-3', 'Walt', 'Disney', 'CLAUDIO ARRAY', 421, 'Santiago', '1991-12-03', 'miguelalvarez@email.com', 3);
INSERT INTO clients (rut, name, surname, street, street_number, community, birthdate, email, complexity) VALUES ('25483920-1', 'Sofia', 'Martinez', 'LOS LEONES', 320, 'Providencia', '1995-04-12', 'sofiamartinez@email.com', 2);
INSERT INTO clients (rut, name, surname, street, street_number, community, birthdate, email, complexity) VALUES ('26789431-2', 'Javier', 'Fuentes', 'ALONSO DE CORDOVA', 512, 'Las Condes', '1989-10-15', 'javierfuentes@email.com', 3);
INSERT INTO clients (rut, name, surname, street, street_number, community, birthdate, email, complexity) VALUES ('19452345-6', 'Camila', 'Torres', 'VITACURA', 700, 'Vitacura', '1993-07-09', 'camilatorres@email.com', 4);
INSERT INTO clients (rut, name, surname, street, street_number, community, birthdate, email, complexity) VALUES ('22987456-7', 'Diego', 'Rojas', 'SAN IGNACIO', 150, 'Santiago', '1990-06-20', 'diegorojas@email.com', 1);
INSERT INTO clients (rut, name, surname, street, street_number, community, birthdate, email, complexity) VALUES ('21789453-8', 'Maria', 'Paredes', 'AVENIDA MATTA', 812, 'Santiago', '1994-11-05', 'mariaparedes@email.com', 2);
INSERT INTO clients (rut, name, surname, street, street_number, community, birthdate, email, complexity) VALUES ('18976432-9', 'Tomas', 'Sepulveda', 'LIRA', 402, 'Santiago', '1987-03-18', 'tomassepulveda@email.com', 3);
INSERT INTO clients (rut, name, surname, street, street_number, community, birthdate, email, complexity) VALUES ('27893412-0', 'Fernanda', 'Navarro', 'PROVIDENCIA', 123, 'Providencia', '1996-05-23', 'fernandanavarro@email.com', 4);
INSERT INTO clients (rut, name, surname, street, street_number, community, birthdate, email, complexity) VALUES ('20678342-1', 'Sebastian', 'Vidal', 'LASTARRIA', 55, 'Santiago', '1991-01-30', 'sebastianvidal@email.com', 2);
INSERT INTO clients (rut, name, surname, street, street_number, community, birthdate, email, complexity) VALUES ('23478965-4', 'Valentina', 'Carrasco', 'BELGICA', 622, 'Las Condes', '1992-09-08', 'valentinacarrasco@email.com', 1);
INSERT INTO clients (rut, name, surname, street, street_number, community, birthdate, email, complexity) VALUES ('24897613-5', 'Nicolas', 'Morales', 'PORTUGAL', 750, 'Santiago', '1990-12-14', 'nicolasmorales@email.com', 3);
INSERT INTO clients (rut, name, surname, street, street_number, community, birthdate, email, complexity) VALUES ('28765432-1', 'Andrea', 'Gomez', 'PEDRO DE VALDIVIA', 310, 'Providencia', '1994-08-17', 'andreagomez@email.com', 3);
INSERT INTO clients (rut, name, surname, street, street_number, community, birthdate, email, complexity) VALUES ('19564321-7', 'Cristian', 'Muñoz', 'ALAMEDA', 1420, 'Santiago', '1988-12-04', 'cristianmunoz@email.com', 2);
INSERT INTO clients (rut, name, surname, street, street_number, community, birthdate, email, complexity) VALUES ('26783214-9', 'Daniela', 'Silva', 'SAN DAMIAN', 912, 'Las Condes', '1993-05-11', 'danielasilva@email.com', 4);
INSERT INTO clients (rut, name, surname, street, street_number, community, birthdate, email, complexity) VALUES ('20987654-2', 'Ignacio', 'Cortes', 'RAUL LABBE', 78, 'Vitacura', '1991-03-29', 'ignaciocortes@email.com', 1);
INSERT INTO clients (rut, name, surname, street, street_number, community, birthdate, email, complexity) VALUES ('23476581-5', 'Jose', 'Herrera', 'NUEVA PROVIDENCIA', 220, 'Providencia', '1995-06-14', 'joseherrera@email.com', 3);
INSERT INTO clients (rut, name, surname, street, street_number, community, birthdate, email, complexity) VALUES ('24367821-6', 'Karla', 'Reyes', 'SUECIA', 450, 'Providencia', '1992-09-27', 'karlareyes@email.com', 2);
INSERT INTO clients (rut, name, surname, street, street_number, community, birthdate, email, complexity) VALUES ('27568312-4', 'Matias', 'Pino', 'RANCAGUA', 105, 'Santiago', '1990-02-18', 'matiaspino@email.com', 4);
INSERT INTO clients (rut, name, surname, street, street_number, community, birthdate, email, complexity) VALUES ('21987654-8', 'Antonia', 'Moreno', 'JOSE MANUEL INFANTE', 333, 'Ñuñoa', '1996-10-22', 'antoniamoreno@email.com', 1);
INSERT INTO clients (rut, name, surname, street, street_number, community, birthdate, email, complexity) VALUES ('26458731-0', 'Francisco', 'Araya', 'PRINCIPE DE GALES', 520, 'Las Condes', '1990-07-19', 'franciscoaraya@email.com', 2);
INSERT INTO clients (rut, name, surname, street, street_number, community, birthdate, email, complexity) VALUES ('21456378-3', 'Catalina', 'Vega', 'IRARRAZAVAL', 870, 'Ñuñoa', '1994-01-05', 'catalinavega@email.com', 3);
INSERT INTO clients (rut, name, surname, street, street_number, community, birthdate, email, complexity) VALUES ('26781234-5', 'Rodrigo', 'Guzman', 'LAGUNA SUR', 400, 'Pudahuel', '1988-07-11', 'rodrigoguzman@email.com', 2);
INSERT INTO clients (rut, name, surname, street, street_number, community, birthdate, email, complexity) VALUES ('19548632-9', 'Alejandra', 'Molina', 'LAS HUALTATAS', 300, 'Las Condes', '1993-09-25', 'alejandramolina@email.com', 1);
INSERT INTO clients (rut, name, surname, street, street_number, community, birthdate, email, complexity) VALUES ('20875364-7', 'Esteban', 'Ortega', 'LOS MILITARES', 620, 'Las Condes', '1992-12-14', 'estebanortega@email.com', 3);
INSERT INTO clients (rut, name, surname, street, street_number, community, birthdate, email, complexity) VALUES ('27458961-3', 'Carla', 'Figueroa', 'SIMON BOLIVAR', 478, 'Ñuñoa', '1995-05-29', 'carlafigueroa@email.com', 4);
INSERT INTO clients (rut, name, surname, street, street_number, community, birthdate, email, complexity) VALUES ('26874532-2', 'Luis', 'Sanchez', 'NUNOA', 1012, 'Ñuñoa', '1990-09-13', 'luissanchez@email.com', 2);
INSERT INTO clients (rut, name, surname, street, street_number, community, birthdate, email, complexity) VALUES ('25764321-7', 'Monica', 'Vargas', 'TOBALABA', 540, 'Providencia', '1991-03-04', 'monicavargas@email.com', 3);
INSERT INTO clients (rut, name, surname, street, street_number, community, birthdate, email, complexity) VALUES ('22986543-8', 'Patricio', 'Espinoza', 'LO BARNECHEA', 320, 'Lo Barnechea', '1989-11-20', 'patricioespinoza@email.com', 4);
INSERT INTO clients (rut, name, surname, street, street_number, community, birthdate, email, complexity) VALUES ('21987643-5', 'Elena', 'Salinas', 'VICUNA MACKENNA', 890, 'Ñuñoa', '1992-10-18', 'elenasalinas@email.com', 1);
INSERT INTO clients (rut, name, surname, street, street_number, community, birthdate, email, complexity) VALUES ('27865432-1', 'Mauricio', 'Campos', 'ROSAS', 760, 'Santiago', '1987-01-25', 'mauriciocampos@email.com', 3);
INSERT INTO clients (rut, name, surname, street, street_number, community, birthdate, email, complexity) VALUES ('20489567-9', 'Natalia', 'Fuentes', 'MERINO', 150, 'Providencia', '1994-11-13', 'nataliafuentes@email.com', 2);
INSERT INTO clients (rut, name, surname, street, street_number, community, birthdate, email, complexity) VALUES ('19876543-0', 'Juan', 'Rodriguez', 'ALCANTARA', 234, 'Las Condes', '1990-08-21', 'juanrodriguez@email.com', 4);
INSERT INTO clients (rut, name, surname, street, street_number, community, birthdate, email, complexity) VALUES ('21876542-3', 'Lucia', 'Villanueva', 'DOMINICA', 480, 'Providencia', '1991-04-15', 'luciavillanueva@email.com', 1);
INSERT INTO clients (rut, name, surname, street, street_number, community, birthdate, email, complexity) VALUES ('24356781-9', 'Felipe', 'Miranda', 'HUERFANOS', 100, 'Santiago', '1989-12-30', 'felipemiranda@email.com', 2);
INSERT INTO clients (rut, name, surname, street, street_number, community, birthdate, email, complexity) VALUES ('20567843-2', 'Daniel', 'Castillo', 'ANTONIA LOPEZ', 610, 'Vitacura', '1988-05-12', 'danielcastillo@email.com', 3);
INSERT INTO clients (rut, name, surname, street, street_number, community, birthdate, email, complexity) VALUES ('22789653-7', 'Gabriela', 'Aravena', 'PLAZA EGAÑA', 450, 'Ñuñoa', '1993-06-24', 'gabrielaaravena@email.com', 1);
INSERT INTO clients (rut, name, surname, street, street_number, community, birthdate, email, complexity) VALUES ('24897631-2', 'Diego', 'Navarro', 'LOS PRESIDENTES', 590, 'La Reina', '1991-07-30', 'diegonavarro@email.com', 3);
INSERT INTO clients (rut, name, surname, street, street_number, community, birthdate, email, complexity) VALUES ('27568421-5', 'Isabel', 'Hernandez', 'MATUCANA', 310, 'Santiago', '1992-01-02', 'isabelhernandez@email.com', 4);
INSERT INTO clients (rut, name, surname, street, street_number, community, birthdate, email, complexity) VALUES ('26357841-7', 'Jorge', 'Pizarro', 'ALMIRANTE PASTENE', 720, 'Providencia', '1993-08-22', 'jorgepizarro@email.com', 2);
INSERT INTO clients (rut, name, surname, street, street_number, community, birthdate, email, complexity) VALUES ('21987653-4', 'Ana', 'Martinez', 'LOS PINOS', 280, 'La Florida', '1995-03-17', 'anamartinez@email.com', 1);
INSERT INTO clients (rut, name, surname, street, street_number, community, birthdate, email, complexity) VALUES ('20987652-7', 'Carlos', 'Reyes', 'PIRQUE', 300, 'Pirque', '1990-11-06', 'carlosreyes@email.com', 2);



INSERT INTO reviews (service_code, client_rut, score, review, date) VALUES (100, '11223557-9', 5, 'Excelente servicio', '2023-08-20');
INSERT INTO reviews (service_code, client_rut, score, review, date) VALUES (200, '8665981-0', 4, 'Muy buen servicio', '2021-02-17');
INSERT INTO reviews (service_code, client_rut, score, review, date) VALUES (300, '16203606-1', 3, 'Buen servicio', '2021-01-01');
INSERT INTO reviews (service_code, client_rut, score, review, date) VALUES (400, '21588341-2', 2, 'Servicio regular', '2022-03-01');
INSERT INTO reviews (service_code, client_rut, score, review, date) VALUES (500, '14788959-3', 1, 'Mal servicio', '2021-12-03');
INSERT INTO reviews (service_code, client_rut, score, review, date) VALUES (400, '25483920-1', 5, 'Servicio excelente y muy profesional', '2023-07-15');
INSERT INTO reviews (service_code, client_rut, score, review, date) VALUES (800, '26789431-2', 4, 'Buen servicio', '2023-08-02');
INSERT INTO reviews (service_code, client_rut, score, review, date) VALUES (600, '19452345-6', 5, 'Me encantó el trato y la calidad', '2023-06-18');
INSERT INTO reviews (service_code, client_rut, score, review, date) VALUES (500, '21789453-8', 4, 'Muy buena atención, recomendado', '2023-10-01');
INSERT INTO reviews (service_code, client_rut, score, review, date) VALUES (300, '18976432-9', 5, 'Excelente resultado, volveré sin dudas', '2023-08-28');
INSERT INTO reviews (service_code, client_rut, score, review, date) VALUES (700, '27893412-0', 2, 'No cumplió con mis expectativas', '2023-07-12');
INSERT INTO reviews (service_code, client_rut, score, review, date) VALUES (200, '20678342-1', 4, 'Buena experiencia, muy detallistas', '2023-11-10');
INSERT INTO reviews (service_code, client_rut, score, review, date) VALUES (600, '23478965-4', 5, 'Increíble servicio, superó mis expectativas', '2023-09-15');
INSERT INTO reviews (service_code, client_rut, score, review, date) VALUES (800, '24897613-5', 3, 'El servicio fue aceptable', '2023-06-20');
INSERT INTO reviews (service_code, client_rut, score, review, date) VALUES (400, '28765432-1', 4, 'Atención amable y rápida', '2023-08-30');
INSERT INTO reviews (service_code, client_rut, score, review, date) VALUES (800, '19564321-7', 5, 'Todo impecable, volveré pronto', '2023-07-25');
INSERT INTO reviews (service_code, client_rut, score, review, date) VALUES (600, '26783214-9', 3, 'Bien, pero podrían mejorar algunos detalles', '2023-10-08');
INSERT INTO reviews (service_code, client_rut, score, review, date) VALUES (100, '20987654-2', 5, '¡Me encantó! Muy recomendable', '2023-09-01');
INSERT INTO reviews (service_code, client_rut, score, review, date) VALUES (500, '23476581-5', 4, 'Buena relación calidad-precio', '2023-06-10');
INSERT INTO reviews (service_code, client_rut, score, review, date) VALUES (700, '27568312-4', 4, 'Excelente, aunque algo costoso', '2023-11-01');
INSERT INTO reviews (service_code, client_rut, score, review, date) VALUES (200, '21987654-8', 3, 'Servicio promedio, pero limpio', '2023-07-30');
INSERT INTO reviews (service_code, client_rut, score, review, date) VALUES (800, '21456378-3', 4, 'Cumplieron mis expectativas, gracias', '2023-08-25');
INSERT INTO reviews (service_code, client_rut, score, review, date) VALUES (300, '24367821-6', 2, 'No me gustó la atención', '2018-04-13');
INSERT INTO reviews (service_code, client_rut, score, review, date) VALUES (600, '26458731-0', 5, 'Muy atentos y profesionales', '2021-08-18');
INSERT INTO reviews (service_code, client_rut, score, review, date) VALUES (100, '22987456-7', 3, 'El servicio estuvo bien, pero podría mejorar', '2018-07-23');



INSERT INTO phones_clients (client_rut, phone) VALUES ('11223557-9', '25502310');
INSERT INTO phones_clients (client_rut, phone) VALUES ('8665981-0', '250232090');
INSERT INTO phones_clients (client_rut, phone) VALUES ('16203606-1', '210130941');
INSERT INTO phones_clients (client_rut, phone) VALUES ('21588341-2', '278960939');
INSERT INTO phones_clients (client_rut, phone) VALUES ('14788959-3', '239482411');
INSERT INTO phones_clients (client_rut, phone) VALUES ('25483920-1', '293847562');
INSERT INTO phones_clients (client_rut, phone) VALUES ('26789431-2', '214365870');
INSERT INTO phones_clients (client_rut, phone) VALUES ('19452345-6', '213489075');
INSERT INTO phones_clients (client_rut, phone) VALUES ('22987456-7', '278965432');
INSERT INTO phones_clients (client_rut, phone) VALUES ('21789453-8', '293847165');
INSERT INTO phones_clients (client_rut, phone) VALUES ('18976432-9', '260938471');
INSERT INTO phones_clients (client_rut, phone) VALUES ('27893412-0', '289375614');
INSERT INTO phones_clients (client_rut, phone) VALUES ('20678342-1', '239084765');
INSERT INTO phones_clients (client_rut, phone) VALUES ('23478965-4', '278396451');
INSERT INTO phones_clients (client_rut, phone) VALUES ('24897613-5', '210394758');
INSERT INTO phones_clients (client_rut, phone) VALUES ('28765432-1', '278349051');



INSERT INTO sales_vouchers (number_voucher, date, client_rut, shop_id) VALUES (1, '2023-01-09', '11223557-9', 5100);
INSERT INTO sales_vouchers (number_voucher, date, client_rut, shop_id) VALUES (2, '2021-06-02', '8665981-0', 5100);
INSERT INTO sales_vouchers (number_voucher, date, client_rut, shop_id) VALUES (3, '2021-09-11', '16203606-1', 5200);
INSERT INTO sales_vouchers (number_voucher, date, client_rut, shop_id) VALUES (4, '2022-02-23', '21588341-2', 5200);
INSERT INTO sales_vouchers (number_voucher, date, client_rut, shop_id) VALUES (5, '2021-08-01', '14788959-3', 5400);
INSERT INTO sales_vouchers (number_voucher, date, client_rut, shop_id) VALUES (6, '2024-08-01', '16203606-1', 5400);
INSERT INTO sales_vouchers (number_voucher, date, client_rut, shop_id) VALUES (7, '2024-06-15', '14788959-3', 5600);
INSERT INTO sales_vouchers (number_voucher, date, client_rut, shop_id) VALUES (8, '2023-02-28', '14788959-3', 5600);
INSERT INTO sales_vouchers (number_voucher, date, client_rut, shop_id) VALUES (9, '2024-06-15', '11223557-9', 5100);
INSERT INTO sales_vouchers (number_voucher, date, client_rut, shop_id) VALUES (10, '2022-07-20', '14788959-3', 5600);
INSERT INTO sales_vouchers (number_voucher, date, client_rut, shop_id) VALUES (11, '2023-01-22', '28765432-1', 5100);
INSERT INTO sales_vouchers (number_voucher, date, client_rut, shop_id) VALUES (12, '2023-02-10', '19564321-7', 5200);
INSERT INTO sales_vouchers (number_voucher, date, client_rut, shop_id) VALUES (13, '2023-03-18', '26783214-9', 5800);
INSERT INTO sales_vouchers (number_voucher, date, client_rut, shop_id) VALUES (14, '2023-04-25', '20987654-2', 5400);
INSERT INTO sales_vouchers (number_voucher, date, client_rut, shop_id) VALUES (15, '2023-05-30', '23476581-5', 5600);
INSERT INTO sales_vouchers (number_voucher, date, client_rut, shop_id) VALUES (16, '2023-06-14', '24367821-6', 5100);
INSERT INTO sales_vouchers (number_voucher, date, client_rut, shop_id) VALUES (17, '2023-07-09', '27568312-4', 5200);
INSERT INTO sales_vouchers (number_voucher, date, client_rut, shop_id) VALUES (18, '2023-08-21', '21987654-8', 5400);
INSERT INTO sales_vouchers (number_voucher, date, client_rut, shop_id) VALUES (19, '2023-09-13', '26458731-0', 5400);
INSERT INTO sales_vouchers (number_voucher, date, client_rut, shop_id) VALUES (20, '2023-10-05', '21456378-3', 5800);
INSERT INTO sales_vouchers (number_voucher, date, client_rut, shop_id) VALUES (21, '2022-07-09', '24367821-6', 5100);
INSERT INTO sales_vouchers (number_voucher, date, client_rut, shop_id) VALUES (22, '2021-01-16', '27568312-4', 5200);
INSERT INTO sales_vouchers (number_voucher, date, client_rut, shop_id) VALUES (23, '2021-10-21', '21987654-8', 5400);
INSERT INTO sales_vouchers (number_voucher, date, client_rut, shop_id) VALUES (24, '2020-02-28', '26458731-0', 5400);
INSERT INTO sales_vouchers (number_voucher, date, client_rut, shop_id) VALUES (25, '2021-05-05', '21456378-3', 5800);
INSERT INTO sales_vouchers (number_voucher, date, client_rut, shop_id) VALUES (26, '2022-10-30', '11223557-9', 5100);
INSERT INTO sales_vouchers (number_voucher, date, client_rut, shop_id) VALUES (27, '2020-12-15', '25483920-1', 5100);
INSERT INTO sales_vouchers (number_voucher, date, client_rut, shop_id) VALUES (28, '2021-03-07', '26789431-2', 5200);
INSERT INTO sales_vouchers (number_voucher, date, client_rut, shop_id) VALUES (29, '2022-09-20', '19452345-6', 5800);
INSERT INTO sales_vouchers (number_voucher, date, client_rut, shop_id) VALUES (30, '2023-11-12', '22987456-7', 5400);
INSERT INTO sales_vouchers (number_voucher, date, client_rut, shop_id) VALUES (31, '2024-04-28', '21789453-8', 5400);
INSERT INTO sales_vouchers (number_voucher, date, client_rut, shop_id) VALUES (32, '2022-08-19', '18976432-9', 5100);
INSERT INTO sales_vouchers (number_voucher, date, client_rut, shop_id) VALUES (33, '2023-05-30', '27893412-0', 5200);
INSERT INTO sales_vouchers (number_voucher, date, client_rut, shop_id) VALUES (34, '2020-03-22', '20678342-1', 5400);
INSERT INTO sales_vouchers (number_voucher, date, client_rut, shop_id) VALUES (35, '2022-09-17', '23478965-4', 5400);
INSERT INTO sales_vouchers (number_voucher, date, client_rut, shop_id) VALUES (36, '2023-07-20', '24897613-5', 5400);
INSERT INTO sales_vouchers (number_voucher, date, client_rut, shop_id) VALUES (37, '2020-05-11', '28765432-1', 5100);
INSERT INTO sales_vouchers (number_voucher, date, client_rut, shop_id) VALUES (38, '2021-12-23', '19564321-7', 5200);
INSERT INTO sales_vouchers (number_voucher, date, client_rut, shop_id) VALUES (39, '2022-11-02', '26783214-9', 5800);
INSERT INTO sales_vouchers (number_voucher, date, client_rut, shop_id) VALUES (40, '2020-01-07', '20987654-2', 5400);
INSERT INTO sales_vouchers (number_voucher, date, client_rut, shop_id) VALUES (41, '2020-03-15', '11223557-9', 5100);
INSERT INTO sales_vouchers (number_voucher, date, client_rut, shop_id) VALUES (42, '2021-06-25', '8665981-0', 5100);
INSERT INTO sales_vouchers (number_voucher, date, client_rut, shop_id) VALUES (43, '2022-08-14', '16203606-1', 5200);
INSERT INTO sales_vouchers (number_voucher, date, client_rut, shop_id) VALUES (44, '2023-02-22', '21588341-2', 5200);
INSERT INTO sales_vouchers (number_voucher, date, client_rut, shop_id) VALUES (45, '2024-05-19', '14788959-3', 5400);
INSERT INTO sales_vouchers (number_voucher, date, client_rut, shop_id) VALUES (46, '2020-09-11', '25483920-1', 5100);
INSERT INTO sales_vouchers (number_voucher, date, client_rut, shop_id) VALUES (47, '2020-04-07', '26789431-2', 5200);
INSERT INTO sales_vouchers (number_voucher, date, client_rut, shop_id) VALUES (48, '2024-01-18', '19452345-6', 5100);
INSERT INTO sales_vouchers (number_voucher, date, client_rut, shop_id) VALUES (49, '2023-03-29', '22987456-7', 5400);
INSERT INTO sales_vouchers (number_voucher, date, client_rut, shop_id) VALUES (50, '2024-03-29', '8665981-0', 5400);



INSERT INTO products (code, name, price, description) VALUES (100, 'Cera para barba', 5000, 'Cera para barba');
INSERT INTO products (code, name, price, description) VALUES (200, 'Aceite para barba', 7000, 'Aceite para barba');
INSERT INTO products (code, name, price, description) VALUES (300, 'Shampoo para barba', 6000, 'Shampoo para barba');
INSERT INTO products (code, name, price, description) VALUES (400, 'Crema para barba', 8000, 'Crema para barba');
INSERT INTO products (code, name, price, description) VALUES (500, 'Tinte para barba', 10000, 'Tinte para barba');
INSERT INTO products (code, name, price, description) VALUES (600, 'Peine para barba', 3000, 'Peine especial para barba');
INSERT INTO products (code, name, price, description) VALUES (700, 'Cuchilla de afeitar', 2000, 'Cuchilla para un afeitado perfecto');
INSERT INTO products (code, name, price, description) VALUES (800, 'Espuma de afeitar', 4000, 'Espuma para un afeitado cómodo');
INSERT INTO products (code, name, price, description) VALUES (900, 'Toalla caliente', 1500, 'Toalla para tratamiento de barba');
INSERT INTO products (code, name, price, description) VALUES (1000, 'Bálsamo para barba', 7500, 'Bálsamo hidratante para barba');
INSERT INTO products (code, name, price, description) VALUES (1100, 'Shampoo hidratante', 6000, 'Shampoo para cabello seco y dañado');
INSERT INTO products (code, name, price, description) VALUES (1200, 'Acondicionador nutritivo', 7000, 'Acondicionador para fortalecer el cabello');
INSERT INTO products (code, name, price, description) VALUES (1300, 'Aceite reparador', 8000, 'Aceite para reparar puntas abiertas y proteger el cabello');
INSERT INTO products (code, name, price, description) VALUES (1400, 'Mascarilla capilar', 8500, 'Mascarilla para un cabello suave y brillante');
INSERT INTO products (code, name, price, description) VALUES (1500, 'Spray fijador', 5000, 'Spray para fijar peinados de forma duradera');
INSERT INTO products (code, name, price, description) VALUES (1600, 'Gel para peinar', 5500, 'Gel para peinar y fijar cabello');
INSERT INTO products (code, name, price, description) VALUES (1700, 'Cera moldeadora', 6000, 'Cera para modelar el cabello');
INSERT INTO products (code, name, price, description) VALUES (1800, 'Serum capilar', 9000, 'Serum nutritivo para el cabello');
INSERT INTO products (code, name, price, description) VALUES (1900, 'Crema de peinar', 4500, 'Crema para peinar y desenredar');
INSERT INTO products (code, name, price, description) VALUES (2000, 'Mascarilla de hidratación profunda', 10000, 'Mascarilla intensa para cabello seco');
INSERT INTO products (code, name, price, description) VALUES (2100, 'Espuma voluminizadora', 7000, 'Espuma para dar volumen al cabello');
INSERT INTO products (code, name, price, description) VALUES (2200, 'Mousse para rizar', 6500, 'Mousse para definir rizos');
INSERT INTO products (code, name, price, description) VALUES (2300, 'Crema anti-frizz', 5500, 'Crema para controlar el frizz');
INSERT INTO products (code, name, price, description) VALUES (2400, 'Gel fijador', 4000, 'Gel para fijar el peinado');
INSERT INTO products (code, name, price, description) VALUES (2500, 'Espuma fijadora', 5000, 'Espuma para fijar el peinado');
INSERT INTO products (code, name, price, description) VALUES (2600, 'Cera mate', 6000, 'Cera para un acabado mate en el peinado');
INSERT INTO products (code, name, price, description) VALUES (2700, 'Serum brillo', 8500, 'Serum para dar brillo al cabello');
INSERT INTO products (code, name, price, description) VALUES (2800, 'Crema de definición', 7000, 'Crema para definir rizos y ondas');
INSERT INTO products (code, name, price, description) VALUES (2900, 'Acondicionador sin enjuague', 6000, 'Acondicionador que no necesita enjuague');
INSERT INTO products (code, name, price, description) VALUES (3000, 'Spray protector térmico', 7500, 'Spray para proteger el cabello del calor');
INSERT INTO products (code, name, price, description) VALUES (3100, 'Cera de peinado', 5000, 'Cera para moldear el cabello con acabado natural');
INSERT INTO products (code, name, price, description) VALUES (3200, 'Cera brillo', 7000, 'Cera para un peinado brillante');
INSERT INTO products (code, name, price, description) VALUES (3300, 'Bálsamo de reparación capilar', 8000, 'Bálsamo para reparar el cabello dañado');
INSERT INTO products (code, name, price, description) VALUES (3400, 'Mascarilla de proteínas', 9000, 'Mascarilla para fortalecer el cabello con proteínas');
INSERT INTO products (code, name, price, description) VALUES (3500, 'Aceite nutritivo', 8500, 'Aceite para nutrir y suavizar el cabello');



INSERT INTO sales_in (number_voucher, product_code, number, discount) VALUES(1, 3500, 2, 0);
INSERT INTO sales_in (number_voucher, product_code, number, discount) VALUES(1, 1000, 2, 0);
INSERT INTO sales_in (number_voucher, product_code, number, discount) VALUES(2, 2300, 3, 0);
INSERT INTO sales_in (number_voucher, product_code, number, discount) VALUES(2, 1000, 2, 100);
INSERT INTO sales_in (number_voucher, product_code, number, discount) VALUES(2, 2900, 2, 0);
INSERT INTO sales_in (number_voucher, product_code, number, discount) VALUES(3, 2300, 1, 0);
INSERT INTO sales_in (number_voucher, product_code, number, discount) VALUES(3, 2100, 2, 0);
INSERT INTO sales_in (number_voucher, product_code, number, discount) VALUES(4, 1900, 1, 0);
INSERT INTO sales_in (number_voucher, product_code, number, discount) VALUES(5, 1900, 1, 0);
INSERT INTO sales_in (number_voucher, product_code, number, discount) VALUES(6, 2200, 1, 100);
INSERT INTO sales_in (number_voucher, product_code, number, discount) VALUES(6, 600, 5, 0);
INSERT INTO sales_in (number_voucher, product_code, number, discount) VALUES(7, 2700, 1, 0);
INSERT INTO sales_in (number_voucher, product_code, number, discount) VALUES(7, 2300, 3, 0);
INSERT INTO sales_in (number_voucher, product_code, number, discount) VALUES(8, 200, 5, 0);
INSERT INTO sales_in (number_voucher, product_code, number, discount) VALUES(8, 1600, 3, 300);
INSERT INTO sales_in (number_voucher, product_code, number, discount) VALUES(8, 1900, 4, 0);
INSERT INTO sales_in (number_voucher, product_code, number, discount) VALUES(9, 3500, 2, 300);
INSERT INTO sales_in (number_voucher, product_code, number, discount) VALUES(10, 300, 2, 0);
INSERT INTO sales_in (number_voucher, product_code, number, discount) VALUES(10, 3200, 1, 0);
INSERT INTO sales_in (number_voucher, product_code, number, discount) VALUES(11, 3400, 1, 0);
INSERT INTO sales_in (number_voucher, product_code, number, discount) VALUES(12, 200, 4, 0);
INSERT INTO sales_in (number_voucher, product_code, number, discount) VALUES(12, 800, 3, 0);
INSERT INTO sales_in (number_voucher, product_code, number, discount) VALUES(12, 1700, 4, 0);
INSERT INTO sales_in (number_voucher, product_code, number, discount) VALUES(13, 3400, 3, 0);
INSERT INTO sales_in (number_voucher, product_code, number, discount) VALUES(13, 100, 4, 200);
INSERT INTO sales_in (number_voucher, product_code, number, discount) VALUES(14, 2900, 3, 0);
INSERT INTO sales_in (number_voucher, product_code, number, discount) VALUES(14, 2100, 4, 0);
INSERT INTO sales_in (number_voucher, product_code, number, discount) VALUES(14, 2000, 5, 0);
INSERT INTO sales_in (number_voucher, product_code, number, discount) VALUES(15, 1300, 2, 0);
INSERT INTO sales_in (number_voucher, product_code, number, discount) VALUES(15, 1900, 1, 300);
INSERT INTO sales_in (number_voucher, product_code, number, discount) VALUES(15, 600, 1, 0);
INSERT INTO sales_in (number_voucher, product_code, number, discount) VALUES(16, 1200, 3, 400);
INSERT INTO sales_in (number_voucher, product_code, number, discount) VALUES(16, 2000, 1, 0);
INSERT INTO sales_in (number_voucher, product_code, number, discount) VALUES(17, 1500, 2, 200);
INSERT INTO sales_in (number_voucher, product_code, number, discount) VALUES(17, 2100, 1, 0);
INSERT INTO sales_in (number_voucher, product_code, number, discount) VALUES(17, 900, 2, 0);
INSERT INTO sales_in (number_voucher, product_code, number, discount) VALUES(18, 2300, 5, 0);
INSERT INTO sales_in (number_voucher, product_code, number, discount) VALUES(18, 900, 4, 0);
INSERT INTO sales_in (number_voucher, product_code, number, discount) VALUES(18, 200, 1, 0);
INSERT INTO sales_in (number_voucher, product_code, number, discount) VALUES(19, 2400, 5, 0);
INSERT INTO sales_in (number_voucher, product_code, number, discount) VALUES(19, 1600, 3, 0);
INSERT INTO sales_in (number_voucher, product_code, number, discount) VALUES(19, 1000, 3, 0);
INSERT INTO sales_in (number_voucher, product_code, number, discount) VALUES(20, 2700, 4, 0);
INSERT INTO sales_in (number_voucher, product_code, number, discount) VALUES(20, 1300, 1, 100);
INSERT INTO sales_in (number_voucher, product_code, number, discount) VALUES(20, 500, 2, 0);
INSERT INTO sales_in (number_voucher, product_code, number, discount) VALUES(21, 2000, 2, 400);
INSERT INTO sales_in (number_voucher, product_code, number, discount) VALUES(21, 300, 5, 0);
INSERT INTO sales_in (number_voucher, product_code, number, discount) VALUES(22, 700, 2, 0);
INSERT INTO sales_in (number_voucher, product_code, number, discount) VALUES(22, 1700, 1, 0);
INSERT INTO sales_in (number_voucher, product_code, number, discount) VALUES(22, 3400, 2, 0);
INSERT INTO sales_in (number_voucher, product_code, number, discount) VALUES(23, 2100, 2, 400);
INSERT INTO sales_in (number_voucher, product_code, number, discount) VALUES(24, 300, 5, 0);
INSERT INTO sales_in (number_voucher, product_code, number, discount) VALUES(24, 3300, 5, 0);
INSERT INTO sales_in (number_voucher, product_code, number, discount) VALUES(24, 1100, 1, 0);
INSERT INTO sales_in (number_voucher, product_code, number, discount) VALUES(25, 400, 3, 0);
INSERT INTO sales_in (number_voucher, product_code, number, discount) VALUES(25, 3400, 3, 0);
INSERT INTO sales_in (number_voucher, product_code, number, discount) VALUES(25, 1400, 5, 0);
INSERT INTO sales_in (number_voucher, product_code, number, discount) VALUES(26, 700, 5, 400);
INSERT INTO sales_in (number_voucher, product_code, number, discount) VALUES(27, 1200, 1, 0);
INSERT INTO sales_in (number_voucher, product_code, number, discount) VALUES(27, 1500, 5, 0);
INSERT INTO sales_in (number_voucher, product_code, number, discount) VALUES(27, 3400, 3, 0);
INSERT INTO sales_in (number_voucher, product_code, number, discount) VALUES(28, 900, 3, 0);
INSERT INTO sales_in (number_voucher, product_code, number, discount) VALUES(28, 3400, 1, 0);
INSERT INTO sales_in (number_voucher, product_code, number, discount) VALUES(29, 3400, 3, 0);
INSERT INTO sales_in (number_voucher, product_code, number, discount) VALUES(29, 2800, 2, 0);
INSERT INTO sales_in (number_voucher, product_code, number, discount) VALUES(29, 3000, 3, 200);
INSERT INTO sales_in (number_voucher, product_code, number, discount) VALUES(30, 3300, 1, 200);
INSERT INTO sales_in (number_voucher, product_code, number, discount) VALUES(30, 3000, 2, 200);
INSERT INTO sales_in (number_voucher, product_code, number, discount) VALUES(30, 3200, 4, 0);
INSERT INTO sales_in (number_voucher, product_code, number, discount) VALUES(31, 1600, 1, 100);
INSERT INTO sales_in (number_voucher, product_code, number, discount) VALUES(32, 3100, 5, 0);
INSERT INTO sales_in (number_voucher, product_code, number, discount) VALUES(32, 1900, 2, 0);
INSERT INTO sales_in (number_voucher, product_code, number, discount) VALUES(33, 3400, 3, 200);
INSERT INTO sales_in (number_voucher, product_code, number, discount) VALUES(33, 1400, 2, 0);
INSERT INTO sales_in (number_voucher, product_code, number, discount) VALUES(34, 3400, 3, 0);
INSERT INTO sales_in (number_voucher, product_code, number, discount) VALUES(34, 900, 1, 0);
INSERT INTO sales_in (number_voucher, product_code, number, discount) VALUES(35, 700, 2, 0);
INSERT INTO sales_in (number_voucher, product_code, number, discount) VALUES(35, 2800, 5, 0);
INSERT INTO sales_in (number_voucher, product_code, number, discount) VALUES(36, 2400, 1, 200);
INSERT INTO sales_in (number_voucher, product_code, number, discount) VALUES(36, 700, 4, 0);
INSERT INTO sales_in (number_voucher, product_code, number, discount) VALUES(36, 500, 3, 0);
INSERT INTO sales_in (number_voucher, product_code, number, discount) VALUES(37, 900, 3, 0);
INSERT INTO sales_in (number_voucher, product_code, number, discount) VALUES(37, 700, 5, 0);
INSERT INTO sales_in (number_voucher, product_code, number, discount) VALUES(38, 1500, 2, 0);
INSERT INTO sales_in (number_voucher, product_code, number, discount) VALUES(39, 2800, 5, 0);
INSERT INTO sales_in (number_voucher, product_code, number, discount) VALUES(39, 1900, 5, 0);
INSERT INTO sales_in (number_voucher, product_code, number, discount) VALUES(39, 3500, 2, 0);
INSERT INTO sales_in (number_voucher, product_code, number, discount) VALUES(40, 1400, 2, 0);
INSERT INTO sales_in (number_voucher, product_code, number, discount) VALUES(40, 1300, 5, 0);
INSERT INTO sales_in (number_voucher, product_code, number, discount) VALUES(40, 3500, 4, 100);
INSERT INTO sales_in (number_voucher, product_code, number, discount) VALUES(41, 900, 4, 300);
INSERT INTO sales_in (number_voucher, product_code, number, discount) VALUES(41, 2200, 3, 0);
INSERT INTO sales_in (number_voucher, product_code, number, discount) VALUES(42, 3100, 5, 0);
INSERT INTO sales_in (number_voucher, product_code, number, discount) VALUES(42, 2600, 2, 0);
INSERT INTO sales_in (number_voucher, product_code, number, discount) VALUES(43, 1700, 1, 0);
INSERT INTO sales_in (number_voucher, product_code, number, discount) VALUES(44, 3000, 2, 0);
INSERT INTO sales_in (number_voucher, product_code, number, discount) VALUES(45, 1600, 4, 100);
INSERT INTO sales_in (number_voucher, product_code, number, discount) VALUES(46, 3000, 5, 200);
INSERT INTO sales_in (number_voucher, product_code, number, discount) VALUES(46, 2800, 3, 0);
INSERT INTO sales_in (number_voucher, product_code, number, discount) VALUES(46, 2600, 3, 0);
INSERT INTO sales_in (number_voucher, product_code, number, discount) VALUES(47, 3400, 2, 400);
INSERT INTO sales_in (number_voucher, product_code, number, discount) VALUES(48, 2600, 3, 0);
INSERT INTO sales_in (number_voucher, product_code, number, discount) VALUES(49, 3200, 3, 0);
INSERT INTO sales_in (number_voucher, product_code, number, discount) VALUES(49, 1400, 5, 100);
INSERT INTO sales_in (number_voucher, product_code, number, discount) VALUES(49, 2100, 4, 0);
INSERT INTO sales_in (number_voucher, product_code, number, discount) VALUES(50, 1100, 1, 0);
INSERT INTO sales_in (number_voucher, product_code, number, discount) VALUES(50, 2200, 2, 0);


INSERT INTO sells (shop_id, product_code, stock) VALUES (5100, 100, 23);
INSERT INTO sells (shop_id, product_code, stock) VALUES (5100, 200, 22);
INSERT INTO sells (shop_id, product_code, stock) VALUES (5100, 300, 13);
INSERT INTO sells (shop_id, product_code, stock) VALUES (5100, 400, 5);
INSERT INTO sells (shop_id, product_code, stock) VALUES (5100, 500, 24);
INSERT INTO sells (shop_id, product_code, stock) VALUES (5100, 600, 24);
INSERT INTO sells (shop_id, product_code, stock) VALUES (5100, 700, 30);
INSERT INTO sells (shop_id, product_code, stock) VALUES (5100, 800, 10);
INSERT INTO sells (shop_id, product_code, stock) VALUES (5100, 900, 13);
INSERT INTO sells (shop_id, product_code, stock) VALUES (5100, 1000, 12);
INSERT INTO sells (shop_id, product_code, stock) VALUES (5100, 1100, 10);
INSERT INTO sells (shop_id, product_code, stock) VALUES (5100, 1200, 26);
INSERT INTO sells (shop_id, product_code, stock) VALUES (5100, 1300, 29);
INSERT INTO sells (shop_id, product_code, stock) VALUES (5100, 1400, 30);
INSERT INTO sells (shop_id, product_code, stock) VALUES (5100, 1500, 6);
INSERT INTO sells (shop_id, product_code, stock) VALUES (5100, 1600, 29);
INSERT INTO sells (shop_id, product_code, stock) VALUES (5100, 1700, 21);
INSERT INTO sells (shop_id, product_code, stock) VALUES (5100, 1800, 27);
INSERT INTO sells (shop_id, product_code, stock) VALUES (5100, 1900, 9);
INSERT INTO sells (shop_id, product_code, stock) VALUES (5100, 2000, 17);
INSERT INTO sells (shop_id, product_code, stock) VALUES (5100, 2100, 25);
INSERT INTO sells (shop_id, product_code, stock) VALUES (5100, 2200, 17);
INSERT INTO sells (shop_id, product_code, stock) VALUES (5100, 2300, 6);
INSERT INTO sells (shop_id, product_code, stock) VALUES (5100, 2400, 14);
INSERT INTO sells (shop_id, product_code, stock) VALUES (5100, 2500, 17);
INSERT INTO sells (shop_id, product_code, stock) VALUES (5100, 2600, 19);
INSERT INTO sells (shop_id, product_code, stock) VALUES (5100, 2700, 25);
INSERT INTO sells (shop_id, product_code, stock) VALUES (5100, 2800, 15);
INSERT INTO sells (shop_id, product_code, stock) VALUES (5100, 2900, 22);
INSERT INTO sells (shop_id, product_code, stock) VALUES (5100, 3000, 21);
INSERT INTO sells (shop_id, product_code, stock) VALUES (5100, 3100, 11);
INSERT INTO sells (shop_id, product_code, stock) VALUES (5100, 3200, 17);
INSERT INTO sells (shop_id, product_code, stock) VALUES (5100, 3300, 7);
INSERT INTO sells (shop_id, product_code, stock) VALUES (5100, 3400, 8);
INSERT INTO sells (shop_id, product_code, stock) VALUES (5200, 100, 23);
INSERT INTO sells (shop_id, product_code, stock) VALUES (5200, 200, 20);
INSERT INTO sells (shop_id, product_code, stock) VALUES (5200, 300, 20);
INSERT INTO sells (shop_id, product_code, stock) VALUES (5200, 400, 22);
INSERT INTO sells (shop_id, product_code, stock) VALUES (5200, 500, 19);
INSERT INTO sells (shop_id, product_code, stock) VALUES (5200, 600, 15);
INSERT INTO sells (shop_id, product_code, stock) VALUES (5200, 700, 24);
INSERT INTO sells (shop_id, product_code, stock) VALUES (5200, 800, 12);
INSERT INTO sells (shop_id, product_code, stock) VALUES (5200, 900, 18);
INSERT INTO sells (shop_id, product_code, stock) VALUES (5200, 1000, 20);
INSERT INTO sells (shop_id, product_code, stock) VALUES (5200, 1100, 7);
INSERT INTO sells (shop_id, product_code, stock) VALUES (5200, 1200, 19);
INSERT INTO sells (shop_id, product_code, stock) VALUES (5200, 1300, 13);
INSERT INTO sells (shop_id, product_code, stock) VALUES (5200, 1400, 7);
INSERT INTO sells (shop_id, product_code, stock) VALUES (5200, 1500, 15);
INSERT INTO sells (shop_id, product_code, stock) VALUES (5200, 1600, 17);
INSERT INTO sells (shop_id, product_code, stock) VALUES (5200, 1700, 14);
INSERT INTO sells (shop_id, product_code, stock) VALUES (5200, 1800, 11);
INSERT INTO sells (shop_id, product_code, stock) VALUES (5200, 1900, 6);
INSERT INTO sells (shop_id, product_code, stock) VALUES (5200, 2000, 7);
INSERT INTO sells (shop_id, product_code, stock) VALUES (5200, 2100, 15);
INSERT INTO sells (shop_id, product_code, stock) VALUES (5200, 2200, 29);
INSERT INTO sells (shop_id, product_code, stock) VALUES (5200, 2300, 15);
INSERT INTO sells (shop_id, product_code, stock) VALUES (5200, 2400, 26);
INSERT INTO sells (shop_id, product_code, stock) VALUES (5200, 2500, 18);
INSERT INTO sells (shop_id, product_code, stock) VALUES (5200, 2600, 9);
INSERT INTO sells (shop_id, product_code, stock) VALUES (5200, 2700, 21);
INSERT INTO sells (shop_id, product_code, stock) VALUES (5200, 2800, 22);
INSERT INTO sells (shop_id, product_code, stock) VALUES (5200, 2900, 23);
INSERT INTO sells (shop_id, product_code, stock) VALUES (5200, 3000, 20);
INSERT INTO sells (shop_id, product_code, stock) VALUES (5200, 3100, 22);
INSERT INTO sells (shop_id, product_code, stock) VALUES (5200, 3200, 22);
INSERT INTO sells (shop_id, product_code, stock) VALUES (5200, 3300, 25);
INSERT INTO sells (shop_id, product_code, stock) VALUES (5200, 3400, 28);
INSERT INTO sells (shop_id, product_code, stock) VALUES (5400, 100, 15);
INSERT INTO sells (shop_id, product_code, stock) VALUES (5400, 200, 20);
INSERT INTO sells (shop_id, product_code, stock) VALUES (5400, 300, 26);
INSERT INTO sells (shop_id, product_code, stock) VALUES (5400, 400, 19);
INSERT INTO sells (shop_id, product_code, stock) VALUES (5400, 500, 16);
INSERT INTO sells (shop_id, product_code, stock) VALUES (5400, 600, 15);
INSERT INTO sells (shop_id, product_code, stock) VALUES (5400, 700, 17);
INSERT INTO sells (shop_id, product_code, stock) VALUES (5400, 800, 26);
INSERT INTO sells (shop_id, product_code, stock) VALUES (5400, 900, 20);
INSERT INTO sells (shop_id, product_code, stock) VALUES (5400, 1000, 22);
INSERT INTO sells (shop_id, product_code, stock) VALUES (5400, 1100, 18);
INSERT INTO sells (shop_id, product_code, stock) VALUES (5400, 1200, 10);
INSERT INTO sells (shop_id, product_code, stock) VALUES (5400, 1300, 10);
INSERT INTO sells (shop_id, product_code, stock) VALUES (5400, 1400, 12);
INSERT INTO sells (shop_id, product_code, stock) VALUES (5400, 1500, 29);
INSERT INTO sells (shop_id, product_code, stock) VALUES (5400, 1600, 18);
INSERT INTO sells (shop_id, product_code, stock) VALUES (5400, 1700, 8);
INSERT INTO sells (shop_id, product_code, stock) VALUES (5400, 1800, 21);
INSERT INTO sells (shop_id, product_code, stock) VALUES (5400, 1900, 30);
INSERT INTO sells (shop_id, product_code, stock) VALUES (5400, 2000, 11);
INSERT INTO sells (shop_id, product_code, stock) VALUES (5400, 2100, 23);
INSERT INTO sells (shop_id, product_code, stock) VALUES (5400, 2200, 23);
INSERT INTO sells (shop_id, product_code, stock) VALUES (5400, 2300, 14);
INSERT INTO sells (shop_id, product_code, stock) VALUES (5400, 2400, 6);
INSERT INTO sells (shop_id, product_code, stock) VALUES (5400, 2500, 26);
INSERT INTO sells (shop_id, product_code, stock) VALUES (5400, 2600, 14);
INSERT INTO sells (shop_id, product_code, stock) VALUES (5400, 2700, 25);
INSERT INTO sells (shop_id, product_code, stock) VALUES (5400, 2800, 10);
INSERT INTO sells (shop_id, product_code, stock) VALUES (5400, 2900, 25);
INSERT INTO sells (shop_id, product_code, stock) VALUES (5400, 3000, 10);
INSERT INTO sells (shop_id, product_code, stock) VALUES (5400, 3100, 9);
INSERT INTO sells (shop_id, product_code, stock) VALUES (5400, 3200, 22);
INSERT INTO sells (shop_id, product_code, stock) VALUES (5400, 3300, 24);
INSERT INTO sells (shop_id, product_code, stock) VALUES (5400, 3400, 15);
INSERT INTO sells (shop_id, product_code, stock) VALUES (5600, 100, 7);
INSERT INTO sells (shop_id, product_code, stock) VALUES (5600, 200, 26);
INSERT INTO sells (shop_id, product_code, stock) VALUES (5600, 300, 30);
INSERT INTO sells (shop_id, product_code, stock) VALUES (5600, 400, 7);
INSERT INTO sells (shop_id, product_code, stock) VALUES (5600, 500, 26);
INSERT INTO sells (shop_id, product_code, stock) VALUES (5600, 600, 30);
INSERT INTO sells (shop_id, product_code, stock) VALUES (5600, 700, 8);
INSERT INTO sells (shop_id, product_code, stock) VALUES (5600, 800, 8);
INSERT INTO sells (shop_id, product_code, stock) VALUES (5600, 900, 5);
INSERT INTO sells (shop_id, product_code, stock) VALUES (5600, 1000, 13);
INSERT INTO sells (shop_id, product_code, stock) VALUES (5600, 1100, 15);
INSERT INTO sells (shop_id, product_code, stock) VALUES (5600, 1200, 23);
INSERT INTO sells (shop_id, product_code, stock) VALUES (5600, 1300, 26);
INSERT INTO sells (shop_id, product_code, stock) VALUES (5600, 1400, 30);
INSERT INTO sells (shop_id, product_code, stock) VALUES (5600, 1500, 10);
INSERT INTO sells (shop_id, product_code, stock) VALUES (5600, 1600, 5);
INSERT INTO sells (shop_id, product_code, stock) VALUES (5600, 1700, 29);
INSERT INTO sells (shop_id, product_code, stock) VALUES (5600, 1800, 5);
INSERT INTO sells (shop_id, product_code, stock) VALUES (5600, 1900, 19);
INSERT INTO sells (shop_id, product_code, stock) VALUES (5600, 2000, 29);
INSERT INTO sells (shop_id, product_code, stock) VALUES (5600, 2100, 20);
INSERT INTO sells (shop_id, product_code, stock) VALUES (5600, 2200, 26);
INSERT INTO sells (shop_id, product_code, stock) VALUES (5600, 2300, 23);
INSERT INTO sells (shop_id, product_code, stock) VALUES (5600, 2400, 7);
INSERT INTO sells (shop_id, product_code, stock) VALUES (5600, 2500, 30);
INSERT INTO sells (shop_id, product_code, stock) VALUES (5600, 2600, 6);
INSERT INTO sells (shop_id, product_code, stock) VALUES (5600, 2700, 27);
INSERT INTO sells (shop_id, product_code, stock) VALUES (5600, 2800, 10);
INSERT INTO sells (shop_id, product_code, stock) VALUES (5600, 2900, 12);
INSERT INTO sells (shop_id, product_code, stock) VALUES (5600, 3000, 11);
INSERT INTO sells (shop_id, product_code, stock) VALUES (5600, 3100, 7);
INSERT INTO sells (shop_id, product_code, stock) VALUES (5600, 3200, 9);
INSERT INTO sells (shop_id, product_code, stock) VALUES (5600, 3300, 10);
INSERT INTO sells (shop_id, product_code, stock) VALUES (5600, 3400, 11);
INSERT INTO sells (shop_id, product_code, stock) VALUES (5800, 100, 17);
INSERT INTO sells (shop_id, product_code, stock) VALUES (5800, 200, 22);
INSERT INTO sells (shop_id, product_code, stock) VALUES (5800, 300, 20);
INSERT INTO sells (shop_id, product_code, stock) VALUES (5800, 400, 23);
INSERT INTO sells (shop_id, product_code, stock) VALUES (5800, 500, 8);
INSERT INTO sells (shop_id, product_code, stock) VALUES (5800, 600, 26);
INSERT INTO sells (shop_id, product_code, stock) VALUES (5800, 700, 7);
INSERT INTO sells (shop_id, product_code, stock) VALUES (5800, 800, 20);
INSERT INTO sells (shop_id, product_code, stock) VALUES (5800, 900, 22);
INSERT INTO sells (shop_id, product_code, stock) VALUES (5800, 1000, 5);
INSERT INTO sells (shop_id, product_code, stock) VALUES (5800, 1100, 9);
INSERT INTO sells (shop_id, product_code, stock) VALUES (5800, 1200, 29);
INSERT INTO sells (shop_id, product_code, stock) VALUES (5800, 1300, 9);
INSERT INTO sells (shop_id, product_code, stock) VALUES (5800, 1400, 17);
INSERT INTO sells (shop_id, product_code, stock) VALUES (5800, 1500, 12);
INSERT INTO sells (shop_id, product_code, stock) VALUES (5800, 1600, 12);
INSERT INTO sells (shop_id, product_code, stock) VALUES (5800, 1700, 30);
INSERT INTO sells (shop_id, product_code, stock) VALUES (5800, 1800, 19);
INSERT INTO sells (shop_id, product_code, stock) VALUES (5800, 1900, 22);
INSERT INTO sells (shop_id, product_code, stock) VALUES (5800, 2000, 11);
INSERT INTO sells (shop_id, product_code, stock) VALUES (5800, 2100, 6);
INSERT INTO sells (shop_id, product_code, stock) VALUES (5800, 2200, 14);
INSERT INTO sells (shop_id, product_code, stock) VALUES (5800, 2300, 21);
INSERT INTO sells (shop_id, product_code, stock) VALUES (5800, 2400, 14);
INSERT INTO sells (shop_id, product_code, stock) VALUES (5800, 2500, 25);
INSERT INTO sells (shop_id, product_code, stock) VALUES (5800, 2600, 5);
INSERT INTO sells (shop_id, product_code, stock) VALUES (5800, 2700, 22);
INSERT INTO sells (shop_id, product_code, stock) VALUES (5800, 2800, 17);
INSERT INTO sells (shop_id, product_code, stock) VALUES (5800, 2900, 21);
INSERT INTO sells (shop_id, product_code, stock) VALUES (5800, 3000, 28);
INSERT INTO sells (shop_id, product_code, stock) VALUES (5800, 3100, 22);
INSERT INTO sells (shop_id, product_code, stock) VALUES (5800, 3200, 26);
INSERT INTO sells (shop_id, product_code, stock) VALUES (5800, 3300, 20);
INSERT INTO sells (shop_id, product_code, stock) VALUES (5800, 3400, 21);



INSERT INTO bookings (code, date, status, client_rut, shop_id) VALUES (1, '2023-08-20 09:00', 'Completed', '11223557-9', 5100);
INSERT INTO bookings (code, date, status, client_rut, shop_id) VALUES (2, '2021-02-17 11:00', 'Completed', '8665981-0', 5100);
INSERT INTO bookings (code, date, status, client_rut, shop_id) VALUES (3, '2024-01-01 13:00', 'Completed', '16203606-1', 5200);
INSERT INTO bookings (code, date, status, client_rut, shop_id) VALUES (4, '2022-03-01 14:00', 'Completed', '21588341-2', 5200);
INSERT INTO bookings (code, date, status, client_rut, shop_id) VALUES (5, '2021-12-03 15:00', 'Completed', '14788959-3', 5400);
INSERT INTO bookings (code, date, status, client_rut, shop_id) VALUES (6, '2024-03-23 12:00', 'Completed', '16203606-1', 5100);
INSERT INTO bookings (code, date, status, client_rut, shop_id) VALUES (7, '2021-07-26 13:00', 'Completed', '27893412-0', 5800);
INSERT INTO bookings (code, date, status, client_rut, shop_id) VALUES (8, '2023-08-27 15:00', 'Cancelled', '20678342-1', 5600);
INSERT INTO bookings (code, date, status, client_rut, shop_id) VALUES (9, '2023-08-28 17:30', 'Completed', '23478965-4', 5400);
INSERT INTO bookings (code, date, status, client_rut, shop_id) VALUES (10, '2023-08-29 18:00', 'Pending', '24897613-5', 5600);
INSERT INTO bookings (code, date, status, client_rut, shop_id) VALUES (11, '2023-06-25 09:00', 'Completed', '18976432-9', 5100);
INSERT INTO bookings (code, date, status, client_rut, shop_id) VALUES (12, '2021-07-26 13:00', 'Completed', '27893412-0', 5200);
INSERT INTO bookings (code, date, status, client_rut, shop_id) VALUES (13, '2022-08-27 15:00', 'Cancelled', '20678342-1', 5800);
INSERT INTO bookings (code, date, status, client_rut, shop_id) VALUES (14, '2020-09-28 17:30', 'Completed', '23478965-4', 5400);
INSERT INTO bookings (code, date, status, client_rut, shop_id) VALUES (15, '2024-10-29 18:00', 'Pending', '24897613-5', 5600);
INSERT INTO bookings (code, date, status, client_rut, shop_id) VALUES (16, '2020-04-20 09:00', 'Completed', '28765432-1', 5100);
INSERT INTO bookings (code, date, status, client_rut, shop_id) VALUES (17, '2020-02-21 11:00', 'Completed', '19564321-7', 5200);
INSERT INTO bookings (code, date, status, client_rut, shop_id) VALUES (18, '2022-05-22 13:00', 'Cancelled', '26783214-9', 5800);
INSERT INTO bookings (code, date, status, client_rut, shop_id) VALUES (19, '2024-08-23 14:00', 'Completed', '20987654-2', 5400);
INSERT INTO bookings (code, date, status, client_rut, shop_id) VALUES (20, '2021-01-24 15:00', 'Completed', '23476581-5', 5600);
INSERT INTO bookings (code, date, status, client_rut, shop_id) VALUES (21, '2024-02-15 09:00', 'Cancelled', '24367821-6', 5800);
INSERT INTO bookings (code, date, status, client_rut, shop_id) VALUES (22, '2020-05-16 11:00', 'Completed', '27568312-4', 5100);
INSERT INTO bookings (code, date, status, client_rut, shop_id) VALUES (23, '2021-06-17 13:00', 'Completed', '21987654-8', 5200);
INSERT INTO bookings (code, date, status, client_rut, shop_id) VALUES (24, '2021-07-18 14:00', 'Pending', '26458731-0', 5400);
INSERT INTO bookings (code, date, status, client_rut, shop_id) VALUES (25, '2024-08-19 15:00', 'Completed', '21456378-3', 5400);
INSERT INTO bookings (code, date, status, client_rut, shop_id) VALUES (26, '2024-09-20 12:00', 'Completed', '11223557-9', 5100);
INSERT INTO bookings (code, date, status, client_rut, shop_id) VALUES (27, '2020-10-21 11:00', 'Completed', '8665981-0', 5100);
INSERT INTO bookings (code, date, status, client_rut, shop_id) VALUES (28, '2020-11-22 14:00', 'Completed', '16203606-1', 5200);
INSERT INTO bookings (code, date, status, client_rut, shop_id) VALUES (29, '2024-02-23 15:00', 'Completed', '21588341-2', 5800);
INSERT INTO bookings (code, date, status, client_rut, shop_id) VALUES (30, '2021-12-03 09:00', 'Completed', '14788959-3', 5600);
INSERT INTO bookings (code, date, status, client_rut, shop_id) VALUES (31, '2023-04-25 11:00', 'Cancelled', '25483920-1', 5800);
INSERT INTO bookings (code, date, status, client_rut, shop_id) VALUES (32, '2023-05-26 13:00', 'Completed', '26789431-2', 5200);
INSERT INTO bookings (code, date, status, client_rut, shop_id) VALUES (33, '2020-08-27 14:00', 'Completed', '19452345-6', 5800);
INSERT INTO bookings (code, date, status, client_rut, shop_id) VALUES (34, '2020-08-27 15:00', 'Completed', '22987456-7', 5800);
INSERT INTO bookings (code, date, status, client_rut, shop_id) VALUES (35, '2021-08-29 09:00', 'Completed', '21789453-8', 5100);
INSERT INTO bookings (code, date, status, client_rut, shop_id) VALUES (36, '2022-02-20 11:00', 'Completed', '18976432-9', 5200);
INSERT INTO bookings (code, date, status, client_rut, shop_id) VALUES (37, '2021-07-26 13:00', 'Cancelled', '27893412-0', 5800);
INSERT INTO bookings (code, date, status, client_rut, shop_id) VALUES (38, '2020-06-22 14:00', 'Completed', '20678342-1', 5200);
INSERT INTO bookings (code, date, status, client_rut, shop_id) VALUES (39, '2023-07-23 15:00', 'Pending', '23478965-4', 5400);
INSERT INTO bookings (code, date, status, client_rut, shop_id) VALUES (40, '2022-08-24 09:00', 'Completed', '24897613-5', 5600);



INSERT INTO attends (booking_code, service_code, employee_rut) VALUES (1, 200, '25345678-9');
INSERT INTO attends (booking_code, service_code, employee_rut) VALUES (1, 1100, '25345678-9');
INSERT INTO attends (booking_code, service_code, employee_rut) VALUES (2, 2200, '25421429-1');
INSERT INTO attends (booking_code, service_code, employee_rut) VALUES (3, 1100, '26483590-6');
INSERT INTO attends (booking_code, service_code, employee_rut) VALUES (3, 1400, '26483590-6');
INSERT INTO attends (booking_code, service_code, employee_rut) VALUES (3, 1300, '26483590-6');
INSERT INTO attends (booking_code, service_code, employee_rut) VALUES (4, 2200, '26483590-6');
INSERT INTO attends (booking_code, service_code, employee_rut) VALUES (4, 1300, '26483590-6');
INSERT INTO attends (booking_code, service_code, employee_rut) VALUES (5, 600, '9483452-3');
INSERT INTO attends (booking_code, service_code, employee_rut) VALUES (6, 800, '25421429-1');
INSERT INTO attends (booking_code, service_code, employee_rut) VALUES (6, 1500, '25421429-1');
INSERT INTO attends (booking_code, service_code, employee_rut) VALUES (7, 1400, '18927654-7');
INSERT INTO attends (booking_code, service_code, employee_rut) VALUES (8, 200, '30567891-2');
INSERT INTO attends (booking_code, service_code, employee_rut) VALUES (8, 700, '30567891-2');
INSERT INTO attends (booking_code, service_code, employee_rut) VALUES (9, 1900, '9483452-3');
INSERT INTO attends (booking_code, service_code, employee_rut) VALUES (9, 700, '9483452-3');
INSERT INTO attends (booking_code, service_code, employee_rut) VALUES (10, 1300, '24345578-9');
INSERT INTO attends (booking_code, service_code, employee_rut) VALUES (10, 1700, '24345578-9');
INSERT INTO attends (booking_code, service_code, employee_rut) VALUES (11, 2200, '25421429-1');
INSERT INTO attends (booking_code, service_code, employee_rut) VALUES (11, 1500, '25421429-1');
INSERT INTO attends (booking_code, service_code, employee_rut) VALUES (11, 800, '25421429-1');
INSERT INTO attends (booking_code, service_code, employee_rut) VALUES (12, 2200, '26483590-6');
INSERT INTO attends (booking_code, service_code, employee_rut) VALUES (12, 1400, '26483590-6');
INSERT INTO attends (booking_code, service_code, employee_rut) VALUES (13, 1200, '27321459-1');
INSERT INTO attends (booking_code, service_code, employee_rut) VALUES (13, 1700, '27321459-1');
INSERT INTO attends (booking_code, service_code, employee_rut) VALUES (14, 2200, '22495341-2');
INSERT INTO attends (booking_code, service_code, employee_rut) VALUES (15, 200, '30567891-2');
INSERT INTO attends (booking_code, service_code, employee_rut) VALUES (16, 1100, '25345678-9');
INSERT INTO attends (booking_code, service_code, employee_rut) VALUES (16, 300, '25345678-9');
INSERT INTO attends (booking_code, service_code, employee_rut) VALUES (17, 1200, '26983090-0');
INSERT INTO attends (booking_code, service_code, employee_rut) VALUES (18, 800, '27321459-1');
INSERT INTO attends (booking_code, service_code, employee_rut) VALUES (19, 1500, '9083942-3');
INSERT INTO attends (booking_code, service_code, employee_rut) VALUES (19, 1600, '9083942-3');
INSERT INTO attends (booking_code, service_code, employee_rut) VALUES (20, 900, '30567891-2');
INSERT INTO attends (booking_code, service_code, employee_rut) VALUES (20, 200, '30567891-2');
INSERT INTO attends (booking_code, service_code, employee_rut) VALUES (21, 1300, '18927654-7');
INSERT INTO attends (booking_code, service_code, employee_rut) VALUES (21, 1400, '18927654-7');
INSERT INTO attends (booking_code, service_code, employee_rut) VALUES (22, 900, '25421429-1');
INSERT INTO attends (booking_code, service_code, employee_rut) VALUES (22, 800, '25421429-1');
INSERT INTO attends (booking_code, service_code, employee_rut) VALUES (23, 1100, '26483590-6');
INSERT INTO attends (booking_code, service_code, employee_rut) VALUES (24, 400, '22495341-2');
INSERT INTO attends (booking_code, service_code, employee_rut) VALUES (24, 1200, '22495341-2');
INSERT INTO attends (booking_code, service_code, employee_rut) VALUES (24, 2200, '22495341-2');
INSERT INTO attends (booking_code, service_code, employee_rut) VALUES (25, 600, '9483452-3');
INSERT INTO attends (booking_code, service_code, employee_rut) VALUES (25, 700, '9483452-3');
INSERT INTO attends (booking_code, service_code, employee_rut) VALUES (26, 1500, '25421429-1');
INSERT INTO attends (booking_code, service_code, employee_rut) VALUES (26, 800, '25421429-1');
INSERT INTO attends (booking_code, service_code, employee_rut) VALUES (27, 1100, '25345678-9');
INSERT INTO attends (booking_code, service_code, employee_rut) VALUES (27, 100, '25345678-9');
INSERT INTO attends (booking_code, service_code, employee_rut) VALUES (28, 2000, '22098341-2');
INSERT INTO attends (booking_code, service_code, employee_rut) VALUES (28, 1300, '22098341-2');
INSERT INTO attends (booking_code, service_code, employee_rut) VALUES (29, 600, '27321459-1');
INSERT INTO attends (booking_code, service_code, employee_rut) VALUES (29, 1700, '27321459-1');
INSERT INTO attends (booking_code, service_code, employee_rut) VALUES (30, 1700, '24345578-9');
INSERT INTO attends (booking_code, service_code, employee_rut) VALUES (30, 300, '24345578-9');
INSERT INTO attends (booking_code, service_code, employee_rut) VALUES (31, 600, '27321459-1');
INSERT INTO attends (booking_code, service_code, employee_rut) VALUES (32, 1200, '26983090-0');
INSERT INTO attends (booking_code, service_code, employee_rut) VALUES (33, 1200, '27321459-1');
INSERT INTO attends (booking_code, service_code, employee_rut) VALUES (33, 800, '27321459-1');
INSERT INTO attends (booking_code, service_code, employee_rut) VALUES (34, 2000, '27321459-1');
INSERT INTO attends (booking_code, service_code, employee_rut) VALUES (35, 1100, '25345678-9');
INSERT INTO attends (booking_code, service_code, employee_rut) VALUES (36, 1100, '26483590-6');
INSERT INTO attends (booking_code, service_code, employee_rut) VALUES (36, 1400, '26483590-6');
INSERT INTO attends (booking_code, service_code, employee_rut) VALUES (37, 900, '18927654-7');
INSERT INTO attends (booking_code, service_code, employee_rut) VALUES (37, 1400, '18927654-7');
INSERT INTO attends (booking_code, service_code, employee_rut) VALUES (38, 1100, '26483590-6');
INSERT INTO attends (booking_code, service_code, employee_rut) VALUES (39, 1500, '9083942-3');
INSERT INTO attends (booking_code, service_code, employee_rut) VALUES (39, 1600, '9083942-3');
INSERT INTO attends (booking_code, service_code, employee_rut) VALUES (40, 1700, '24345578-9');
INSERT INTO attends (booking_code, service_code, employee_rut) VALUES (40, 300, '24345578-9');


INSERT INTO payment_documents (document_number, booking_code) VALUES (1, 1);
INSERT INTO payment_documents (document_number, booking_code) VALUES (2, 2);
INSERT INTO payment_documents (document_number, booking_code) VALUES (3, 3);
INSERT INTO payment_documents (document_number, booking_code) VALUES (4, 4);
INSERT INTO payment_documents (document_number, booking_code) VALUES (5, 5);
INSERT INTO payment_documents (document_number, booking_code) VALUES (6, 6);
INSERT INTO payment_documents (document_number, booking_code) VALUES (8, 8);
INSERT INTO payment_documents (document_number, booking_code) VALUES (9, 9);
INSERT INTO payment_documents (document_number, booking_code) VALUES (10, 10);
INSERT INTO payment_documents (document_number, booking_code) VALUES (11, 11);
INSERT INTO payment_documents (document_number, booking_code) VALUES (12, 12);
INSERT INTO payment_documents (document_number, booking_code) VALUES (13, 13);
INSERT INTO payment_documents (document_number, booking_code) VALUES (14, 14);
INSERT INTO payment_documents (document_number, booking_code) VALUES (15, 15);
INSERT INTO payment_documents (document_number, booking_code) VALUES (16, 16);
INSERT INTO payment_documents (document_number, booking_code) VALUES (17, 17);
INSERT INTO payment_documents (document_number, booking_code) VALUES (18, 18);
INSERT INTO payment_documents (document_number, booking_code) VALUES (19, 19);
INSERT INTO payment_documents (document_number, booking_code) VALUES (20, 20);
INSERT INTO payment_documents (document_number, booking_code) VALUES (21, 21);
INSERT INTO payment_documents (document_number, booking_code) VALUES (22, 22);
INSERT INTO payment_documents (document_number, booking_code) VALUES (23, 23);
INSERT INTO payment_documents (document_number, booking_code) VALUES (24, 24);
INSERT INTO payment_documents (document_number, booking_code) VALUES (25, 25);
INSERT INTO payment_documents (document_number, booking_code) VALUES (26, 26);
INSERT INTO payment_documents (document_number, booking_code) VALUES (27, 27);
INSERT INTO payment_documents (document_number, booking_code) VALUES (28, 28);
INSERT INTO payment_documents (document_number, booking_code) VALUES (29, 29);
INSERT INTO payment_documents (document_number, booking_code) VALUES (30, 30);
INSERT INTO payment_documents (document_number, booking_code) VALUES (31, 31);
INSERT INTO payment_documents (document_number, booking_code) VALUES (32, 32);
INSERT INTO payment_documents (document_number, booking_code) VALUES (33, 33);
INSERT INTO payment_documents (document_number, booking_code) VALUES (34, 34);
INSERT INTO payment_documents (document_number, booking_code) VALUES (35, 35);
INSERT INTO payment_documents (document_number, booking_code) VALUES (36, 36);
INSERT INTO payment_documents (document_number, booking_code) VALUES (37, 37);
INSERT INTO payment_documents (document_number, booking_code) VALUES (38, 38);
INSERT INTO payment_documents (document_number, booking_code) VALUES (39, 39);
INSERT INTO payment_documents (document_number, booking_code) VALUES (40, 40);



INSERT INTO discounts_codes (code, percentage, expiration_date) VALUES (1, 0.10, '2023-08-20');
INSERT INTO discounts_codes (code, percentage, expiration_date) VALUES (2, 0.20, '2024-02-17');
INSERT INTO discounts_codes (code, percentage, expiration_date) VALUES (3, 0.25, '2024-01-01');
INSERT INTO discounts_codes (code, percentage, expiration_date) VALUES (4, 0.05, '2025-03-01');
INSERT INTO discounts_codes (code, percentage, expiration_date) VALUES (5, 0.15, '2024-12-03');
INSERT INTO discounts_codes (code, percentage, expiration_date) VALUES (6, 0.30, '2023-05-15');
INSERT INTO discounts_codes (code, percentage, expiration_date) VALUES (7, 0.35, '2023-09-10');
INSERT INTO discounts_codes (code, percentage, expiration_date) VALUES (8, 0.40, '2024-04-20');
INSERT INTO discounts_codes (code, percentage, expiration_date) VALUES (9, 0.50, '2025-02-01');
INSERT INTO discounts_codes (code, percentage, expiration_date) VALUES (10, 0.45, '2023-07-25');
INSERT INTO discounts_codes (code, percentage, expiration_date) VALUES (11, 0.60, '2024-05-19');
INSERT INTO discounts_codes (code, percentage, expiration_date) VALUES (12, 0.55, '2023-11-30');
INSERT INTO discounts_codes (code, percentage, expiration_date) VALUES (13, 0.05, '2023-06-21');
INSERT INTO discounts_codes (code, percentage, expiration_date) VALUES (14, 0.15, '2025-08-11');
INSERT INTO discounts_codes (code, percentage, expiration_date) VALUES (15, 0.25, '2024-10-14');
INSERT INTO discounts_codes (code, percentage, expiration_date) VALUES (16, 0.20, '2023-02-17');
INSERT INTO discounts_codes (code, percentage, expiration_date) VALUES (17, 0.10, '2024-03-09');
INSERT INTO discounts_codes (code, percentage, expiration_date) VALUES (18, 0.30, '2024-07-15');
INSERT INTO discounts_codes (code, percentage, expiration_date) VALUES (19, 0.35, '2025-06-01');
INSERT INTO discounts_codes (code, percentage, expiration_date) VALUES (20, 0.40, '2023-12-11');
INSERT INTO discounts_codes (code, percentage, expiration_date) VALUES (21, 0.50, '2023-09-19');
INSERT INTO discounts_codes (code, percentage, expiration_date) VALUES (22, 0.60, '2024-11-05');
INSERT INTO discounts_codes (code, percentage, expiration_date) VALUES (23, 0.45, '2025-01-30');
INSERT INTO discounts_codes (code, percentage, expiration_date) VALUES (24, 0.55, '2024-08-22');
INSERT INTO discounts_codes (code, percentage, expiration_date) VALUES (25, 0.15, '2023-03-18');
INSERT INTO discounts_codes (code, percentage, expiration_date) VALUES (26, 0.10, '2024-05-20');
INSERT INTO discounts_codes (code, percentage, expiration_date) VALUES (27, 0.20, '2023-11-23');
INSERT INTO discounts_codes (code, percentage, expiration_date) VALUES (28, 0.25, '2024-01-05');
INSERT INTO discounts_codes (code, percentage, expiration_date) VALUES (29, 0.30, '2025-02-27');
INSERT INTO discounts_codes (code, percentage, expiration_date) VALUES (30, 0.05, '2024-09-06');
INSERT INTO discounts_codes (code, percentage, expiration_date) VALUES (31, 0.35, '2023-10-31');
INSERT INTO discounts_codes (code, percentage, expiration_date) VALUES (32, 0.40, '2024-06-12');
INSERT INTO discounts_codes (code, percentage, expiration_date) VALUES (33, 0.50, '2023-04-17');
INSERT INTO discounts_codes (code, percentage, expiration_date) VALUES (34, 0.45, '2023-07-01');
INSERT INTO discounts_codes (code, percentage, expiration_date) VALUES (35, 0.60, '2024-12-18');
INSERT INTO discounts_codes (code, percentage, expiration_date) VALUES (36, 0.55, '2025-05-13');
INSERT INTO discounts_codes (code, percentage, expiration_date) VALUES (37, 0.05, '2024-03-22');
INSERT INTO discounts_codes (code, percentage, expiration_date) VALUES (38, 0.15, '2025-10-09');
INSERT INTO discounts_codes (code, percentage, expiration_date) VALUES (39, 0.20, '2023-02-28');
INSERT INTO discounts_codes (code, percentage, expiration_date) VALUES (40, 0.25, '2024-04-05');



INSERT INTO discounts (code_discount, payment_document_number, mount) VALUES (1, 1, 1000);
INSERT INTO discounts (code_discount, payment_document_number, mount) VALUES (2, 2, 2000);
INSERT INTO discounts (code_discount, payment_document_number, mount) VALUES (3, 3, 2500);
INSERT INTO discounts (code_discount, payment_document_number, mount) VALUES (4, 4, 500);
INSERT INTO discounts (code_discount, payment_document_number, mount) VALUES (5, 5, 1500);
INSERT INTO discounts (code_discount, payment_document_number, mount) VALUES (6, 6, 3000);
INSERT INTO discounts (code_discount, payment_document_number, mount) VALUES (7, 8, 1000);